timestamp,pitch_deg,error_deg,p_term,i_term,d_term,pid_output,motor3_pwm,motor4_pwm
1.054,0.000,0.000,0.000,0.000,0.000,0.000,1500,1500
1.054,-11.220,11.220,0.000,0.000,0.000,0.000,1495,1505
1.065,-11.220,11.220,1.958,0.059,776.082,400.000,1500,1500
1.075,-11.220,11.220,1.958,0.118,0.000,2.076,1505,1495
1.085,-11.220,11.220,1.958,0.177,0.000,2.135,1510,1490
1.095,-11.220,11.220,1.958,0.236,0.000,2.194,1515,1485
1.104,-11.220,11.220,1.958,0.294,0.000,2.252,1520,1480
1.115,-11.220,11.220,1.958,0.353,0.000,2.311,1525,1475
1.124,-11.220,11.220,1.958,0.412,0.000,2.370,1530,1470
1.134,-11.220,11.220,1.958,0.470,0.000,2.429,1532,1468
1.144,-11.220,11.220,1.958,0.529,0.000,2.487,1532,1468
1.154,-11.220,11.220,1.958,0.588,0.000,2.546,1532,1468
1.165,-11.220,11.220,1.958,0.647,0.000,2.605,1532,1468
1.175,-11.220,11.220,1.958,0.706,0.000,2.664,1532,1468
1.185,-11.220,11.220,1.958,0.764,0.000,2.722,1532,1468
1.195,-11.220,11.220,1.958,0.823,0.000,2.781,1532,1468
1.204,-11.220,11.220,1.958,0.882,0.000,2.840,1532,1468
1.215,-11.220,11.220,1.958,0.941,0.000,2.899,1532,1468
1.225,-11.220,11.220,1.958,0.999,0.000,2.957,1532,1468
1.234,-11.220,11.220,1.958,1.058,0.000,3.016,1533,1467
1.245,-11.220,11.220,1.958,1.117,0.000,3.075,1533,1467
1.254,-11.220,11.220,1.958,1.175,0.000,3.134,1533,1467
1.265,-11.220,11.220,1.958,1.234,0.000,3.192,1533,1467
1.275,-11.249,11.249,1.963,1.293,2.034,5.290,1535,1465
1.284,-11.249,11.249,1.963,1.352,0.000,3.315,1533,1467
1.294,-11.249,11.249,1.963,1.411,0.000,3.374,1533,1467
1.304,-11.249,11.249,1.963,1.470,0.000,3.433,1533,1467
1.314,-11.249,11.249,1.963,1.529,0.000,3.492,1533,1467
1.324,-11.249,11.249,1.963,1.588,0.000,3.551,1533,1467
1.334,-11.249,11.249,1.963,1.646,0.000,3.610,1533,1467
1.344,-11.249,11.249,1.963,1.705,0.000,3.669,1533,1467
1.355,-11.249,11.249,1.963,1.765,0.000,3.728,1533,1467
1.365,-11.249,11.249,1.963,1.823,0.000,3.787,1533,1467
1.374,-11.249,11.249,1.963,1.882,0.000,3.845,1533,1467
1.384,-11.249,11.249,1.963,1.941,0.000,3.904,1533,1467
1.395,-11.249,11.249,1.963,2.000,0.000,3.963,1533,1467
1.405,-11.249,11.249,1.963,2.059,0.000,4.022,1534,1466
1.415,-11.249,11.249,1.963,2.118,0.000,4.081,1534,1466
1.424,-11.249,11.249,1.963,2.177,0.000,4.140,1534,1466
1.434,-11.249,11.249,1.963,2.235,0.000,4.199,1534,1466
1.445,-11.249,11.249,1.963,2.294,0.000,4.258,1534,1466
1.455,-11.249,11.249,1.963,2.354,0.000,4.317,1534,1466
1.465,-11.249,11.249,1.963,2.412,0.000,4.376,1534,1466
1.474,-11.249,11.249,1.963,2.471,0.000,4.434,1534,1466
1.485,-11.249,11.249,1.963,2.530,0.000,4.493,1534,1466
1.495,-11.249,11.249,1.963,2.589,0.000,4.552,1534,1466
1.504,-11.249,11.249,1.963,2.648,0.000,4.611,1534,1466
1.514,-11.249,11.249,1.963,2.707,0.000,4.670,1534,1466
1.524,-11.263,11.263,1.966,2.766,0.942,5.673,1535,1465
1.534,-11.263,11.263,1.966,2.825,0.000,4.790,1534,1466
1.545,-11.263,11.263,1.966,2.884,0.000,4.849,1534,1466
1.554,-11.263,11.263,1.966,2.943,0.000,4.908,1534,1466
1.565,-11.263,11.263,1.966,3.002,0.000,4.967,1534,1466
1.574,-11.263,11.263,1.966,3.060,0.000,5.026,1535,1465
1.585,-11.263,11.263,1.966,3.119,0.000,5.085,1535,1465
1.594,-11.263,11.263,1.966,3.178,0.000,5.144,1535,1465
1.605,-11.263,11.263,1.966,3.237,0.000,5.203,1535,1465
1.614,-11.263,11.263,1.966,3.296,0.000,5.262,1535,1465
1.624,-11.263,11.263,1.966,3.355,0.000,5.321,1535,1465
1.634,-11.263,11.263,1.966,3.414,0.000,5.380,1535,1465
1.645,-11.263,11.263,1.966,3.473,0.000,5.439,1535,1465
1.654,-11.263,11.263,1.966,3.532,0.000,5.498,1535,1465
1.664,-11.263,11.263,1.966,3.591,0.000,5.557,1535,1465
1.675,-11.263,11.263,1.966,3.650,0.000,5.616,1535,1465
1.685,-11.263,11.263,1.966,3.709,0.000,5.675,1535,1465
1.695,-11.263,11.263,1.966,3.768,0.000,5.734,1535,1465
1.705,-11.263,11.263,1.966,3.827,0.000,5.793,1535,1465
1.715,-11.263,11.263,1.966,3.886,0.000,5.852,1535,1465
1.724,-11.263,11.263,1.966,3.945,0.000,5.911,1535,1465
1.735,-11.263,11.263,1.966,4.004,0.000,5.970,1535,1465
1.744,-11.263,11.263,1.966,4.063,0.000,6.029,1536,1464
1.755,-11.263,11.263,1.966,4.122,0.000,6.088,1536,1464
1.764,-11.263,11.263,1.966,4.181,0.000,6.147,1536,1464
1.774,-11.256,11.256,1.964,4.240,-0.495,5.710,1535,1465
1.784,-11.256,11.256,1.964,4.299,0.000,6.263,1536,1464
1.795,-11.256,11.256,1.964,4.358,0.000,6.322,1536,1464
1.804,-11.256,11.256,1.964,4.417,0.000,6.381,1536,1464
1.814,-11.256,11.256,1.964,4.476,0.000,6.440,1536,1464
1.825,-11.256,11.256,1.964,4.535,0.000,6.499,1536,1464
1.834,-11.256,11.256,1.964,4.593,0.000,6.558,1536,1464
1.844,-11.256,11.256,1.964,4.652,0.000,6.617,1536,1464
1.855,-11.256,11.256,1.964,4.712,0.000,6.676,1536,1464
1.865,-11.256,11.256,1.964,4.770,0.000,6.735,1536,1464
1.875,-11.256,11.256,1.964,4.829,0.000,6.794,1536,1464
1.885,-11.256,11.256,1.964,4.888,0.000,6.853,1536,1464
1.895,-11.256,11.256,1.964,4.947,0.000,6.912,1536,1464
1.904,-11.256,11.256,1.964,5.006,0.000,6.970,1536,1464
1.915,-11.256,11.256,1.964,5.065,0.000,7.029,1537,1463
1.925,-11.256,11.256,1.964,5.124,0.000,7.088,1537,1463
1.935,-11.256,11.256,1.964,5.183,0.000,7.147,1537,1463
1.945,-11.256,11.256,1.964,5.242,0.000,7.206,1537,1463
1.954,-11.256,11.256,1.964,5.301,0.000,7.265,1537,1463
1.964,-11.256,11.256,1.964,5.360,0.000,7.324,1537,1463
1.975,-11.256,11.256,1.964,5.419,0.000,7.383,1537,1463
1.984,-11.256,11.256,1.964,5.477,0.000,7.442,1537,1463
1.995,-11.256,11.256,1.964,5.536,0.000,7.501,1537,1463
2.005,-11.256,11.256,1.964,5.595,0.000,7.560,1537,1463
2.015,-11.256,11.256,1.964,5.654,0.000,7.619,1537,1463
2.024,-11.223,11.223,1.959,5.713,-2.253,5.419,1535,1465
2.034,-11.223,11.223,1.959,5.772,0.000,7.731,1537,1463
2.045,-11.223,11.223,1.959,5.831,0.000,7.790,1537,1463
2.055,-11.223,11.223,1.959,5.890,0.000,7.848,1537,1463
2.065,-11.223,11.223,1.959,5.948,0.000,7.907,1537,1463
2.075,-11.223,11.223,1.959,6.007,0.000,7.966,1537,1463
2.085,-11.223,11.223,1.959,6.066,0.000,8.025,1538,1462
2.094,-11.223,11.223,1.959,6.124,0.000,8.083,1538,1462
2.105,-11.223,11.223,1.959,6.183,0.000,8.142,1538,1462
2.115,-11.223,11.223,1.959,6.242,0.000,8.201,1538,1462
2.124,-11.223,11.223,1.959,6.301,0.000,8.260,1538,1462
2.135,-11.223,11.223,1.959,6.359,0.000,8.318,1538,1462
2.144,-11.223,11.223,1.959,6.418,0.000,8.377,1538,1462
2.155,-11.223,11.223,1.959,6.477,0.000,8.436,1538,1462
2.164,-11.223,11.223,1.959,6.536,0.000,8.495,1538,1462
2.175,-11.223,11.223,1.959,6.595,0.000,8.553,1538,1462
2.185,-11.223,11.223,1.959,6.653,0.000,8.612,1538,1462
2.194,-11.223,11.223,1.959,6.712,0.000,8.671,1538,1462
2.205,-11.223,11.223,1.959,6.771,0.000,8.730,1538,1462
2.215,-11.223,11.223,1.959,6.830,0.000,8.788,1538,1462
2.225,-11.223,11.223,1.959,6.888,0.000,8.847,1538,1462
2.234,-11.223,11.223,1.959,6.947,0.000,8.906,1538,1462
2.245,-11.223,11.223,1.959,7.006,0.000,8.965,1538,1462
2.254,-11.223,11.223,1.959,7.065,0.000,9.023,1539,1461
2.265,-11.223,11.223,1.959,7.124,0.000,9.082,1539,1461
2.275,-11.183,11.183,1.952,7.182,-2.834,6.300,1536,1464
2.285,-11.183,11.183,1.952,7.241,0.000,9.192,1539,1461
2.295,-11.183,11.183,1.952,7.299,0.000,9.251,1539,1461
2.304,-11.183,11.183,1.952,7.358,0.000,9.309,1539,1461
2.315,-11.183,11.183,1.952,7.416,0.000,9.368,1539,1461
2.324,-11.183,11.183,1.952,7.475,0.000,9.426,1539,1461
2.334,-11.183,11.183,1.952,7.533,0.000,9.485,1539,1461
2.344,-11.183,11.183,1.952,7.592,0.000,9.544,1539,1461
2.355,-11.183,11.183,1.952,7.651,0.000,9.602,1539,1461
2.364,-11.183,11.183,1.952,7.709,0.000,9.661,1539,1461
2.375,-11.183,11.183,1.952,7.768,0.000,9.719,1539,1461
2.384,-11.183,11.183,1.952,7.826,0.000,9.778,1539,1461
2.395,-11.183,11.183,1.952,7.885,0.000,9.837,1539,1461
2.405,-11.183,11.183,1.952,7.943,0.000,9.895,1539,1461
2.415,-11.183,11.183,1.952,8.002,0.000,9.954,1539,1461
2.425,-11.183,11.183,1.952,8.060,0.000,10.012,1540,1460
2.435,-11.183,11.183,1.952,8.119,0.000,10.071,1540,1460
2.444,-11.183,11.183,1.952,8.177,0.000,10.129,1540,1460
2.454,-11.183,11.183,1.952,8.236,0.000,10.188,1540,1460
2.464,-11.183,11.183,1.952,8.294,0.000,10.246,1540,1460
2.474,-11.183,11.183,1.952,8.353,0.000,10.305,1540,1460
2.484,-11.183,11.183,1.952,8.412,0.000,10.363,1540,1460
2.494,-11.183,11.183,1.952,8.470,0.000,10.422,1540,1460
2.505,-11.183,11.183,1.952,8.529,0.000,10.480,1540,1460
2.514,-11.183,11.183,1.952,8.587,0.000,10.539,1540,1460
2.524,-11.199,11.199,1.955,8.646,1.117,11.718,1541,1459
2.534,-11.199,11.199,1.955,8.705,0.000,10.659,1540,1460
2.545,-11.199,11.199,1.955,8.763,0.000,10.718,1540,1460
2.555,-11.199,11.199,1.955,8.822,0.000,10.777,1540,1460
2.565,-11.199,11.199,1.955,8.881,0.000,10.835,1540,1460
2.574,-11.199,11.199,1.955,8.939,0.000,10.894,1540,1460
2.584,-11.199,11.199,1.955,8.998,0.000,10.952,1540,1460
2.594,-11.199,11.199,1.955,9.056,0.000,11.011,1541,1459
2.604,-11.199,11.199,1.955,9.115,0.000,11.070,1541,1459
2.614,-11.199,11.199,1.955,9.174,0.000,11.128,1541,1459
2.624,-11.199,11.199,1.955,9.232,0.000,11.187,1541,1459
2.634,-11.199,11.199,1.955,9.291,0.000,11.245,1541,1459
2.644,-11.199,11.199,1.955,9.350,0.000,11.304,1541,1459
2.654,-11.199,11.199,1.955,9.408,0.000,11.363,1541,1459
2.664,-11.199,11.199,1.955,9.467,0.000,11.421,1541,1459
2.674,-11.199,11.199,1.955,9.525,0.000,11.480,1541,1459
2.685,-11.199,11.199,1.955,9.584,0.000,11.539,1541,1459
2.695,-11.199,11.199,1.955,9.643,0.000,11.598,1541,1459
2.705,-11.199,11.199,1.955,9.701,0.000,11.656,1541,1459
2.715,-11.199,11.199,1.955,9.760,0.000,11.715,1541,1459
2.725,-11.199,11.199,1.955,9.819,0.000,11.773,1541,1459
2.734,-11.199,11.199,1.955,9.877,0.000,11.832,1541,1459
2.744,-11.199,11.199,1.955,9.936,0.000,11.890,1541,1459
2.755,-11.199,11.199,1.955,9.995,0.000,11.949,1541,1459
2.764,-11.199,11.199,1.955,10.053,0.000,12.008,1542,1458
2.774,-11.269,11.269,1.967,10.112,4.890,16.969,1546,1454
2.784,-11.269,11.269,1.967,10.171,0.000,12.138,1542,1458
2.794,-11.269,11.269,1.967,10.230,0.000,12.197,1542,1458
2.804,-11.269,11.269,1.967,10.289,0.000,12.256,1542,1458
2.814,-11.269,11.269,1.967,10.348,0.000,12.315,1542,1458
2.824,-11.269,11.269,1.967,10.407,0.000,12.374,1542,1458
2.834,-11.269,11.269,1.967,10.466,0.000,12.433,1542,1458
2.844,-11.269,11.269,1.967,10.525,0.000,12.492,1542,1458
2.854,-11.269,11.269,1.967,10.584,0.000,12.551,1542,1458
2.864,-11.269,11.269,1.967,10.643,0.000,12.610,1542,1458
2.874,-11.269,11.269,1.967,10.702,0.000,12.669,1542,1458
2.885,-11.269,11.269,1.967,10.761,0.000,12.728,1542,1458
2.894,-11.269,11.269,1.967,10.820,0.000,12.787,1542,1458
2.905,-11.269,11.269,1.967,10.879,0.000,12.846,1542,1458
2.914,-11.269,11.269,1.967,10.938,0.000,12.905,1542,1458
2.924,-11.269,11.269,1.967,10.997,0.000,12.964,1542,1458
2.935,-11.269,11.269,1.967,11.056,0.000,13.023,1543,1457
2.945,-11.269,11.269,1.967,11.115,0.000,13.082,1543,1457
2.955,-11.269,11.269,1.967,11.174,0.000,13.141,1543,1457
2.964,-11.269,11.269,1.967,11.233,0.000,13.200,1543,1457
2.974,-11.269,11.269,1.967,11.292,0.000,13.259,1543,1457
2.985,-11.269,11.269,1.967,11.351,0.000,13.318,1543,1457
2.995,-11.269,11.269,1.967,11.410,0.000,13.377,1543,1457
3.005,-11.269,11.269,1.967,11.469,0.000,13.436,1543,1457
3.014,-11.269,11.269,1.967,11.528,0.000,13.495,1543,1457
3.024,-11.267,11.267,1.966,11.587,-0.165,13.389,1543,1457
3.034,-11.267,11.267,1.966,11.646,0.000,13.613,1543,1457
3.044,-11.267,11.267,1.966,11.705,0.000,13.672,1543,1457
3.055,-11.267,11.267,1.966,11.764,0.000,13.731,1543,1457
3.064,-11.267,11.267,1.966,11.823,0.000,13.790,1543,1457
3.074,-11.267,11.267,1.966,11.882,0.000,13.849,1543,1457
3.084,-11.267,11.267,1.966,11.941,0.000,13.908,1543,1457
3.094,-11.267,11.267,1.966,12.000,0.000,13.967,1543,1457
3.105,-11.267,11.267,1.966,12.059,0.000,14.026,1544,1456
3.114,-11.267,11.267,1.966,12.118,0.000,14.085,1544,1456
3.124,-11.267,11.267,1.966,12.177,0.000,14.143,1544,1456
3.134,-11.267,11.267,1.966,12.236,0.000,14.203,1544,1456
3.144,-11.267,11.267,1.966,12.295,0.000,14.262,1544,1456
3.154,-11.267,11.267,1.966,12.354,0.000,14.321,1544,1456
3.164,-11.267,11.267,1.966,12.413,0.000,14.379,1544,1456
3.174,-11.267,11.267,1.966,12.472,0.000,14.438,1544,1456
3.184,-11.267,11.267,1.966,12.531,0.000,14.497,1544,1456
3.194,-11.267,11.267,1.966,12.590,0.000,14.556,1544,1456
3.205,-11.267,11.267,1.966,12.649,0.000,14.616,1544,1456
3.214,-11.267,11.267,1.966,12.708,0.000,14.674,1544,1456
3.225,-11.267,11.267,1.966,12.767,0.000,14.734,1544,1456
3.234,-11.267,11.267,1.966,12.826,0.000,14.792,1544,1456
3.245,-11.267,11.267,1.966,12.885,0.000,14.852,1544,1456
3.254,-11.267,11.267,1.966,12.944,0.000,14.910,1544,1456
3.264,-11.267,11.267,1.966,13.003,0.000,14.969,1544,1456
3.274,-11.189,11.189,1.953,13.062,-5.409,9.605,1539,1461
3.285,-11.189,11.189,1.953,13.120,0.000,15.073,1544,1456
3.294,-11.189,11.189,1.953,13.179,0.000,15.132,1545,1455
3.304,-11.189,11.189,1.953,13.237,0.000,15.190,1545,1455
3.314,-11.189,11.189,1.953,13.296,0.000,15.249,1545,1455
3.324,-11.189,11.189,1.953,13.355,0.000,15.307,1545,1455
3.334,-11.189,11.189,1.953,13.413,0.000,15.366,1545,1455
3.344,-11.189,11.189,1.953,13.472,0.000,15.425,1545,1455
3.354,-11.189,11.189,1.953,13.530,0.000,15.483,1545,1455
3.364,-11.189,11.189,1.953,13.589,0.000,15.542,1545,1455
3.374,-11.189,11.189,1.953,13.647,0.000,15.600,1545,1455
3.384,-11.189,11.189,1.953,13.706,0.000,15.659,1545,1455
3.394,-11.189,11.189,1.953,13.765,0.000,15.718,1545,1455
3.404,-11.189,11.189,1.953,13.823,0.000,15.776,1545,1455
3.414,-11.189,11.189,1.953,13.882,0.000,15.835,1545,1455
3.424,-11.189,11.189,1.953,13.940,0.000,15.893,1545,1455
3.435,-11.189,11.189,1.953,13.999,0.000,15.952,1545,1455
3.444,-11.189,11.189,1.953,14.058,0.000,16.010,1546,1454
3.455,-11.189,11.189,1.953,14.116,0.000,16.069,1546,1454
3.465,-11.189,11.189,1.953,14.175,0.000,16.128,1546,1454
3.474,-11.189,11.189,1.953,14.233,0.000,16.186,1546,1454
3.484,-11.189,11.189,1.953,14.292,0.000,16.245,1546,1454
3.495,-11.189,11.189,1.953,14.351,0.000,16.303,1546,1454
3.504,-11.189,11.189,1.953,14.409,0.000,16.362,1546,1454
3.515,-11.189,11.189,1.953,14.468,0.000,16.421,1546,1454
3.524,-11.168,11.168,1.949,14.526,-1.499,14.977,1544,1456
3.534,-11.168,11.168,1.949,14.585,0.000,16.534,1546,1454
3.545,-11.168,11.168,1.949,14.643,0.000,16.592,1546,1454
3.554,-11.168,11.168,1.949,14.702,0.000,16.651,1546,1454
3.564,-11.168,11.168,1.949,14.760,0.000,16.709,1546,1454
3.575,-11.168,11.168,1.949,14.819,0.000,16.768,1546,1454
3.584,-11.168,11.168,1.949,14.877,0.000,16.826,1546,1454
3.594,-11.168,11.168,1.949,14.935,0.000,16.885,1546,1454
3.605,-11.168,11.168,1.949,14.994,0.000,16.943,1546,1454
3.614,-11.168,11.168,1.949,15.052,0.000,17.002,1547,1453
3.625,-11.168,11.168,1.949,15.111,0.000,17.060,1547,1453
3.635,-11.168,11.168,1.949,15.170,0.000,17.119,1547,1453
3.645,-11.168,11.168,1.949,15.228,0.000,17.177,1547,1453
3.655,-11.168,11.168,1.949,15.286,0.000,17.235,1547,1453
3.664,-11.168,11.168,1.949,15.345,0.000,17.294,1547,1453
3.675,-11.168,11.168,1.949,15.403,0.000,17.352,1547,1453
3.685,-11.168,11.168,1.949,15.462,0.000,17.411,1547,1453
3.695,-11.168,11.168,1.949,15.520,0.000,17.469,1547,1453
3.704,-11.168,11.168,1.949,15.579,0.000,17.528,1547,1453
3.715,-11.168,11.168,1.949,15.637,0.000,17.586,1547,1453
3.725,-11.168,11.168,1.949,15.696,0.000,17.645,1547,1453
3.735,-11.168,11.168,1.949,15.754,0.000,17.703,1547,1453
3.744,-11.168,11.168,1.949,15.813,0.000,17.762,1547,1453
3.755,-11.168,11.168,1.949,15.871,0.000,17.820,1547,1453
3.764,-11.168,11.168,1.949,15.930,0.000,17.879,1547,1453
3.775,-11.183,11.183,1.952,15.988,1.065,19.005,1549,1451
3.784,-11.183,11.183,1.952,16.047,0.000,17.998,1547,1453
3.794,-11.183,11.183,1.952,16.105,0.000,18.057,1548,1452
3.804,-11.183,11.183,1.952,16.164,0.000,18.116,1548,1452
3.814,-11.183,11.183,1.952,16.222,0.000,18.174,1548,1452
3.824,-11.183,11.183,1.952,16.281,0.000,18.233,1548,1452
3.834,-11.183,11.183,1.952,16.339,0.000,18.291,1548,1452
3.845,-11.183,11.183,1.952,16.398,0.000,18.350,1548,1452
3.854,-11.183,11.183,1.952,16.457,0.000,18.408,1548,1452
3.864,-11.183,11.183,1.952,16.515,0.000,18.467,1548,1452
3.874,-11.183,11.183,1.952,16.574,0.000,18.525,1548,1452
3.884,-11.183,11.183,1.952,16.632,0.000,18.584,1548,1452
3.895,-11.183,11.183,1.952,16.691,0.000,18.643,1548,1452
3.904,-11.183,11.183,1.952,16.749,0.000,18.701,1548,1452
3.915,-11.183,11.183,1.952,16.808,0.000,18.760,1548,1452
3.925,-11.183,11.183,1.952,16.867,0.000,18.818,1548,1452
3.934,-11.183,11.183,1.952,16.925,0.000,18.877,1548,1452
3.945,-11.183,11.183,1.952,16.984,0.000,18.935,1548,1452
3.954,-11.183,11.183,1.952,17.042,0.000,18.994,1548,1452
3.964,-11.183,11.183,1.952,17.101,0.000,19.052,1549,1451
3.975,-11.183,11.183,1.952,17.159,0.000,19.111,1549,1451
3.985,-11.183,11.183,1.952,17.218,0.000,19.170,1549,1451
3.995,-11.183,11.183,1.952,17.276,0.000,19.228,1549,1451
4.005,-11.183,11.183,1.952,17.335,0.000,19.287,1549,1451
4.014,-11.183,11.183,1.952,17.393,0.000,19.345,1549,1451
4.024,-11.201,11.201,1.955,17.452,1.254,20.660,1550,1450
4.035,-11.201,11.201,1.955,17.511,0.000,19.466,1549,1451
4.044,-11.201,11.201,1.955,17.569,0.000,19.524,1549,1451
4.054,-11.201,11.201,1.955,17.628,0.000,19.583,1549,1451
4.064,-11.201,11.201,1.955,17.687,0.000,19.641,1549,1451
4.074,-11.201,11.201,1.955,17.745,0.000,19.700,1549,1451
4.084,-11.201,11.201,1.955,17.804,0.000,19.759,1549,1451
4.094,-11.201,11.201,1.955,17.863,0.000,19.817,1549,1451
4.105,-11.201,11.201,1.955,17.921,0.000,19.876,1549,1451
4.115,-11.201,11.201,1.955,17.980,0.000,19.935,1549,1451
4.125,-11.201,11.201,1.955,18.039,0.000,19.993,1549,1451
4.134,-11.201,11.201,1.955,18.097,0.000,20.052,1550,1450
4.144,-11.201,11.201,1.955,18.156,0.000,20.111,1550,1450
4.155,-11.201,11.201,1.955,18.214,0.000,20.169,1550,1450
4.164,-11.201,11.201,1.955,18.273,0.000,20.228,1550,1450
4.174,-11.201,11.201,1.955,18.332,0.000,20.287,1550,1450
4.184,-11.201,11.201,1.955,18.390,0.000,20.345,1550,1450
4.194,-11.201,11.201,1.955,18.449,0.000,20.404,1550,1450
4.204,-11.201,11.201,1.955,18.508,0.000,20.463,1550,1450
4.215,-11.201,11.201,1.955,18.566,0.000,20.521,1550,1450
4.224,-11.201,11.201,1.955,18.625,0.000,20.580,1550,1450
4.235,-11.201,11.201,1.955,18.684,0.000,20.639,1550,1450
4.245,-11.201,11.201,1.955,18.742,0.000,20.697,1550,1450
4.255,-11.201,11.201,1.955,18.801,0.000,20.756,1550,1450
4.265,-11.201,11.201,1.955,18.860,0.000,20.815,1550,1450
4.274,-11.237,11.237,1.961,18.918,2.545,23.425,1553,1447
4.284,-11.237,11.237,1.961,18.977,0.000,20.939,1550,1450
4.295,-11.237,11.237,1.961,19.036,0.000,20.997,1550,1450
4.304,-11.237,11.237,1.961,19.095,0.000,21.056,1551,1449
4.314,-11.237,11.237,1.961,19.154,0.000,21.115,1551,1449
4.324,-11.237,11.237,1.961,19.213,0.000,21.174,1551,1449
4.334,-11.237,11.237,1.961,19.271,0.000,21.233,1551,1449
4.345,-11.237,11.237,1.961,19.330,0.000,21.292,1551,1449
4.354,-11.237,11.237,1.961,19.389,0.000,21.350,1551,1449
4.365,-11.237,11.237,1.961,19.448,0.000,21.409,1551,1449
4.375,-11.237,11.237,1.961,19.507,0.000,21.468,1551,1449
4.384,-11.237,11.237,1.961,19.566,0.000,21.527,1551,1449
4.394,-11.237,11.237,1.961,19.624,0.000,21.586,1551,1449
4.405,-11.237,11.237,1.961,19.683,0.000,21.645,1551,1449
4.415,-11.237,11.237,1.961,19.742,0.000,21.703,1551,1449
4.424,-11.237,11.237,1.961,19.801,0.000,21.762,1551,1449
4.434,-11.237,11.237,1.961,19.860,0.000,21.821,1551,1449
4.444,-11.237,11.237,1.961,19.919,0.000,21.880,1551,1449
4.454,-11.237,11.237,1.961,19.977,0.000,21.939,1551,1449
4.465,-11.237,11.237,1.961,20.036,0.000,21.998,1551,1449
4.474,-11.237,11.237,1.961,20.095,0.000,22.056,1552,1448
4.484,-11.237,11.237,1.961,20.154,0.000,22.115,1552,1448
4.494,-11.237,11.237,1.961,20.213,0.000,22.174,1552,1448
4.504,-11.237,11.237,1.961,20.272,0.000,22.233,1552,1448
4.514,-11.237,11.237,1.961,20.330,0.000,22.292,1552,1448
4.525,-11.229,11.229,1.960,20.389,-0.598,21.751,1551,1449
4.534,-11.229,11.229,1.960,20.448,0.000,22.408,1552,1448
4.544,-11.229,11.229,1.960,20.507,0.000,22.467,1552,1448
4.554,-11.229,11.229,1.960,20.566,0.000,22.525,1552,1448
4.565,-11.229,11.229,1.960,20.625,0.000,22.584,1552,1448
4.574,-11.229,11.229,1.960,20.683,0.000,22.643,1552,1448
4.584,-11.229,11.229,1.960,20.742,0.000,22.702,1552,1448
4.594,-11.229,11.229,1.960,20.801,0.000,22.761,1552,1448
4.604,-11.229,11.229,1.960,20.860,0.000,22.819,1552,1448
4.615,-11.229,11.229,1.960,20.918,0.000,22.878,1552,1448
4.625,-11.229,11.229,1.960,20.977,0.000,22.937,1552,1448
4.635,-11.229,11.229,1.960,21.036,0.000,22.996,1552,1448
4.645,-11.229,11.229,1.960,21.095,0.000,23.055,1553,1447
4.655,-11.229,11.229,1.960,21.154,0.000,23.113,1553,1447
4.665,-11.229,11.229,1.960,21.212,0.000,23.172,1553,1447
4.675,-11.229,11.229,1.960,21.271,0.000,23.231,1553,1447
4.685,-11.229,11.229,1.960,21.330,0.000,23.290,1553,1447
4.695,-11.229,11.229,1.960,21.389,0.000,23.349,1553,1447
4.704,-11.229,11.229,1.960,21.448,0.000,23.407,1553,1447
4.715,-11.229,11.229,1.960,21.506,0.000,23.466,1553,1447
4.724,-11.229,11.229,1.960,21.565,0.000,23.525,1553,1447
4.735,-11.229,11.229,1.960,21.624,0.000,23.584,1553,1447
4.745,-11.229,11.229,1.960,21.683,0.000,23.643,1553,1447
4.755,-11.229,11.229,1.960,21.742,0.000,23.702,1553,1447
4.764,-11.229,11.229,1.960,21.800,0.000,23.760,1553,1447
4.774,-11.165,11.165,1.949,21.859,-4.439,19.369,1549,1451
4.784,-11.165,11.165,1.949,21.917,0.000,23.866,1553,1447
4.794,-11.165,11.165,1.949,21.976,0.000,23.924,1553,1447
4.804,-11.165,11.165,1.949,22.034,0.000,23.983,1553,1447
4.815,-11.165,11.165,1.949,22.093,0.000,24.041,1554,1446
4.825,-11.165,11.165,1.949,22.151,0.000,24.100,1554,1446
4.834,-11.165,11.165,1.949,22.209,0.000,24.158,1554,1446
4.845,-11.165,11.165,1.949,22.268,0.000,24.217,1554,1446
4.854,-11.165,11.165,1.949,22.326,0.000,24.275,1554,1446
4.865,-11.165,11.165,1.949,22.385,0.000,24.334,1554,1446
4.874,-11.165,11.165,1.949,22.443,0.000,24.392,1554,1446
4.884,-11.165,11.165,1.949,22.502,0.000,24.450,1554,1446
4.894,-11.165,11.165,1.949,22.560,0.000,24.509,1554,1446
4.904,-11.165,11.165,1.949,22.619,0.000,24.567,1554,1446
4.914,-11.165,11.165,1.949,22.677,0.000,24.626,1554,1446
4.924,-11.165,11.165,1.949,22.736,0.000,24.684,1554,1446
4.935,-11.165,11.165,1.949,22.794,0.000,24.743,1554,1446
4.944,-11.165,11.165,1.949,22.853,0.000,24.801,1554,1446
4.955,-11.165,11.165,1.949,22.911,0.000,24.860,1554,1446
4.964,-11.165,11.165,1.949,22.970,0.000,24.918,1554,1446
4.974,-11.165,11.165,1.949,23.028,0.000,24.977,1554,1446
4.984,-11.165,11.165,1.949,23.086,0.000,25.035,1555,1445
4.995,-11.165,11.165,1.949,23.145,0.000,25.094,1555,1445
5.005,-11.165,11.165,1.949,23.203,0.000,25.152,1555,1445
5.015,-11.165,11.165,1.949,23.262,0.000,25.211,1555,1445
5.024,-11.165,11.165,1.949,23.320,0.000,25.269,1555,1445
5.034,-11.165,11.165,1.949,23.379,0.000,25.327,1555,1445
