timestamp,altitude,altitude_error,velocity_z,accel_z,pos_p,pos_i,pos_d,vel_p,vel_i,vel_d,acc_p,acc_i,acc_d,pos_out,vel_out,acc_out,motor3_pwm,motor4_pwm
1.062,0.000,0.200,0.000,0.000,0.000,0.000,0.000,0.000,0.000,0.000,0.000,0.000,0.000,0.000,0.000,0.000,1500,1500
1.062,0.263,-0.063,0.000,2.006,0.000,0.000,0.000,0.000,0.000,0.000,0.000,0.000,0.000,0.000,0.000,0.000,1500,1500
1.072,0.263,-0.063,0.000,3.612,0.000,0.000,0.000,0.000,0.000,0.000,0.000,0.000,0.000,0.000,0.000,0.000,1500,1500
1.082,0.263,-0.063,0.000,4.896,0.000,0.000,0.000,0.000,0.000,0.000,0.000,0.000,0.000,0.000,0.000,0.000,1500,1500
1.092,0.263,-0.063,0.000,5.923,0.000,0.000,0.000,0.000,0.000,0.000,0.000,0.000,0.000,0.000,0.000,0.000,1500,1500
1.102,0.263,-0.063,0.000,6.745,0.000,0.000,0.000,0.000,0.000,0.000,0.000,0.000,0.000,0.000,0.000,0.000,1500,1500
1.112,0.263,-0.063,0.000,7.402,0.000,0.000,0.000,0.000,0.000,0.000,0.000,0.000,0.000,0.000,0.000,0.000,1500,1500
1.122,0.263,-0.063,0.000,7.928,0.000,0.000,0.000,0.000,0.000,0.000,0.000,0.000,0.000,0.000,0.000,0.000,1500,1500
1.132,0.263,-0.063,0.000,8.349,0.000,0.000,0.000,0.000,0.000,0.000,0.000,0.000,0.000,0.000,0.000,0.000,1500,1500
1.142,0.263,-0.063,0.000,8.686,0.000,0.000,0.000,0.000,0.000,0.000,0.000,0.000,0.000,0.000,0.000,0.000,1500,1500
1.152,0.263,-0.063,0.000,8.955,0.000,0.000,0.000,0.000,0.000,0.000,0.000,0.000,0.000,0.000,0.000,0.000,1500,1500
1.162,0.263,-0.063,0.000,9.170,0.000,0.000,0.000,0.000,0.000,0.000,0.000,0.000,0.000,0.000,0.000,0.000,1500,1500
1.172,0.263,-0.063,0.000,9.343,0.000,0.000,0.000,0.000,0.000,0.000,0.000,0.000,0.000,0.000,0.000,0.000,1500,1500
1.182,0.263,-0.063,0.000,9.481,0.000,0.000,0.000,0.000,0.000,0.000,0.000,0.000,0.000,0.000,0.000,0.000,1500,1500
1.192,0.263,-0.063,0.000,9.591,0.000,0.000,0.000,0.000,0.000,0.000,0.000,0.000,0.000,0.000,0.000,0.000,1500,1500
1.202,0.263,-0.063,0.000,9.679,0.000,0.000,0.000,0.000,0.000,0.000,0.000,0.000,0.000,0.000,0.000,0.000,1500,1500
1.212,0.263,-0.063,0.000,9.750,0.000,0.000,0.000,0.000,0.000,0.000,0.000,0.000,0.000,0.000,0.000,0.000,1500,1500
1.222,0.263,-0.063,0.000,9.806,0.000,0.000,0.000,0.000,0.000,0.000,0.000,0.000,0.000,0.000,0.000,0.000,1500,1500
1.232,0.263,-0.063,0.000,9.851,0.000,0.000,0.000,0.000,0.000,0.000,0.000,0.000,0.000,0.000,0.000,0.000,1500,1500
1.242,0.263,-0.063,0.000,9.888,0.000,0.000,0.000,0.000,0.000,0.000,0.000,0.000,0.000,0.000,0.000,0.000,1500,1500
1.252,0.262,-0.062,0.000,9.913,0.000,0.000,0.000,0.000,0.000,0.000,0.000,0.000,0.000,0.000,0.000,0.000,1500,1500
1.262,0.262,-0.062,0.000,9.933,0.000,0.000,0.000,0.000,0.000,0.000,0.000,0.000,0.000,0.000,0.000,0.000,1500,1500
1.272,0.262,-0.062,0.000,9.949,0.000,0.000,0.000,0.000,0.000,0.000,0.000,0.000,0.000,0.000,0.000,0.000,1500,1500
1.282,0.262,-0.062,0.000,9.961,0.000,0.000,0.000,0.000,0.000,0.000,0.000,0.000,0.000,0.000,0.000,0.000,1500,1500
1.292,0.262,-0.062,0.000,9.972,0.000,0.000,0.000,0.000,0.000,0.000,0.000,0.000,0.000,0.000,0.000,0.000,1500,1500
1.302,0.262,-0.062,0.000,9.980,0.000,0.000,0.000,0.000,0.000,0.000,0.000,0.000,0.000,0.000,0.000,0.000,1500,1500
1.312,0.262,-0.062,0.000,9.986,0.000,0.000,0.000,0.000,0.000,0.000,0.000,0.000,0.000,0.000,0.000,0.000,1500,1500
1.322,0.262,-0.062,0.000,9.992,0.000,0.000,0.000,0.000,0.000,0.000,0.000,0.000,0.000,0.000,0.000,0.000,1500,1500
1.332,0.262,-0.062,0.000,9.996,0.000,0.000,0.000,0.000,0.000,0.000,0.000,0.000,0.000,0.000,0.000,0.000,1500,1500
1.342,0.262,-0.062,0.000,9.999,0.000,0.000,0.000,0.000,0.000,0.000,0.000,0.000,0.000,0.000,0.000,0.000,1500,1500
1.352,0.262,-0.062,0.000,10.002,0.000,0.000,0.000,0.000,0.000,0.000,0.000,0.000,0.000,0.000,0.000,0.000,1500,1500
1.362,0.262,-0.062,0.000,10.004,0.000,0.000,0.000,0.000,0.000,0.000,0.000,0.000,0.000,0.000,0.000,0.000,1500,1500
1.372,0.262,-0.062,0.000,10.006,0.000,0.000,0.000,0.000,0.000,0.000,0.000,0.000,0.000,0.000,0.000,0.000,1500,1500
1.382,0.262,-0.062,0.000,10.007,0.000,0.000,0.000,0.000,0.000,0.000,0.000,0.000,0.000,0.000,0.000,0.000,1500,1500
1.392,0.262,-0.062,0.000,10.008,0.000,0.000,0.000,0.000,0.000,0.000,0.000,0.000,0.000,0.000,0.000,0.000,1500,1500
1.402,0.262,-0.062,0.000,10.009,0.000,0.000,0.000,0.000,0.000,0.000,0.000,0.000,0.000,0.000,0.000,0.000,1500,1500
1.412,0.262,-0.062,0.000,10.010,0.000,0.000,0.000,0.000,0.000,0.000,0.000,0.000,0.000,0.000,0.000,0.000,1500,1500
1.422,0.262,-0.062,0.000,10.010,0.000,0.000,0.000,0.000,0.000,0.000,0.000,0.000,0.000,0.000,0.000,0.000,1500,1500
1.432,0.262,-0.062,0.000,10.011,0.000,0.000,0.000,0.000,0.000,0.000,0.000,0.000,0.000,0.000,0.000,0.000,1500,1500
1.442,0.262,-0.062,0.000,10.011,0.000,0.000,0.000,0.000,0.000,0.000,0.000,0.000,0.000,0.000,0.000,0.000,1500,1500
1.452,0.262,-0.062,0.000,10.011,0.000,0.000,0.000,0.000,0.000,0.000,0.000,0.000,0.000,0.000,0.000,0.000,1500,1500
1.462,0.262,-0.062,0.000,10.012,0.000,0.000,0.000,0.000,0.000,0.000,0.000,0.000,0.000,0.000,0.000,0.000,1500,1500
1.472,0.262,-0.062,0.000,10.012,0.000,0.000,0.000,0.000,0.000,0.000,0.000,0.000,0.000,0.000,0.000,0.000,1500,1500
1.482,0.262,-0.062,0.000,10.012,0.000,0.000,0.000,0.000,0.000,0.000,0.000,0.000,0.000,0.000,0.000,0.000,1500,1500
1.492,0.262,-0.062,0.000,10.012,0.000,0.000,0.000,0.000,0.000,0.000,0.000,0.000,0.000,0.000,0.000,0.000,1500,1500
1.502,0.260,-0.060,0.000,10.018,0.000,0.000,0.000,0.000,0.000,0.000,0.000,0.000,0.000,0.000,0.000,0.000,1500,1500
1.512,0.260,-0.060,0.000,10.023,0.000,0.000,0.000,0.000,0.000,0.000,0.000,0.000,0.000,0.000,0.000,0.000,1500,1500
1.522,0.260,-0.060,0.000,10.027,0.000,0.000,0.000,0.000,0.000,0.000,0.000,0.000,0.000,0.000,0.000,0.000,1500,1500
1.532,0.260,-0.060,0.000,10.030,0.000,0.000,0.000,0.000,0.000,0.000,0.000,0.000,0.000,0.000,0.000,0.000,1500,1500
1.542,0.260,-0.060,0.000,10.032,0.000,0.000,0.000,0.000,0.000,0.000,0.000,0.000,0.000,0.000,0.000,0.000,1500,1500
1.552,0.260,-0.060,0.000,10.034,0.000,0.000,0.000,0.000,0.000,0.000,0.000,0.000,0.000,0.000,0.000,0.000,1500,1500
1.562,0.260,-0.060,0.000,10.036,0.000,0.000,0.000,0.000,0.000,0.000,0.000,0.000,0.000,0.000,0.000,0.000,1500,1500
1.572,0.260,-0.060,0.000,10.037,0.000,0.000,0.000,0.000,0.000,0.000,0.000,0.000,0.000,0.000,0.000,0.000,1500,1500
1.582,0.260,-0.060,0.000,10.038,0.000,0.000,0.000,0.000,0.000,0.000,0.000,0.000,0.000,0.000,0.000,0.000,1500,1500
1.592,0.260,-0.060,0.000,10.039,0.000,0.000,0.000,0.000,0.000,0.000,0.000,0.000,0.000,0.000,0.000,0.000,1500,1500
1.602,0.260,-0.060,0.000,10.039,0.000,0.000,0.000,0.000,0.000,0.000,0.000,0.000,0.000,0.000,0.000,0.000,1500,1500
1.612,0.260,-0.060,0.000,10.040,0.000,0.000,0.000,0.000,0.000,0.000,0.000,0.000,0.000,0.000,0.000,0.000,1500,1500
1.622,0.260,-0.060,0.000,10.040,0.000,0.000,0.000,0.000,0.000,0.000,0.000,0.000,0.000,0.000,0.000,0.000,1500,1500
1.632,0.260,-0.060,0.000,10.041,0.000,0.000,0.000,0.000,0.000,0.000,0.000,0.000,0.000,0.000,0.000,0.000,1500,1500
1.642,0.260,-0.060,0.000,10.041,0.000,0.000,0.000,0.000,0.000,0.000,0.000,0.000,0.000,0.000,0.000,0.000,1500,1500
1.652,0.260,-0.060,0.000,10.041,0.000,0.000,0.000,0.000,0.000,0.000,0.000,0.000,0.000,0.000,0.000,0.000,1500,1500
1.662,0.260,-0.060,0.000,10.041,0.000,0.000,0.000,0.000,0.000,0.000,0.000,0.000,0.000,0.000,0.000,0.000,1500,1500
1.672,0.260,-0.060,0.000,10.041,0.000,0.000,0.000,0.000,0.000,0.000,0.000,0.000,0.000,0.000,0.000,0.000,1500,1500
1.682,0.260,-0.060,0.000,10.042,0.000,0.000,0.000,0.000,0.000,0.000,0.000,0.000,0.000,0.000,0.000,0.000,1500,1500
1.692,0.260,-0.060,0.000,10.042,0.000,0.000,0.000,0.000,0.000,0.000,0.000,0.000,0.000,0.000,0.000,0.000,1500,1500
1.702,0.260,-0.060,0.000,10.042,0.000,0.000,0.000,0.000,0.000,0.000,0.000,0.000,0.000,0.000,0.000,0.000,1500,1500
1.712,0.260,-0.060,0.000,10.042,0.000,0.000,0.000,0.000,0.000,0.000,0.000,0.000,0.000,0.000,0.000,0.000,1500,1500
1.722,0.260,-0.060,0.000,10.042,0.000,0.000,0.000,0.000,0.000,0.000,0.000,0.000,0.000,0.000,0.000,0.000,1500,1500
1.732,0.260,-0.060,0.000,10.042,0.000,0.000,0.000,0.000,0.000,0.000,0.000,0.000,0.000,0.000,0.000,0.000,1500,1500
1.742,0.260,-0.060,0.000,10.042,0.000,0.000,0.000,0.000,0.000,0.000,0.000,0.000,0.000,0.000,0.000,0.000,1500,1500
1.752,0.261,-0.061,0.000,10.044,0.000,0.000,0.000,0.000,0.000,0.000,0.000,0.000,0.000,0.000,0.000,0.000,1500,1500
1.762,0.261,-0.061,0.000,10.045,0.000,0.000,0.000,0.000,0.000,0.000,0.000,0.000,0.000,0.000,0.000,0.000,1500,1500
1.772,0.261,-0.061,0.000,10.047,0.000,0.000,0.000,0.000,0.000,0.000,0.000,0.000,0.000,0.000,0.000,0.000,1500,1500
1.782,0.261,-0.061,0.000,10.048,0.000,0.000,0.000,0.000,0.000,0.000,0.000,0.000,0.000,0.000,0.000,0.000,1500,1500
1.792,0.261,-0.061,0.000,10.049,0.000,0.000,0.000,0.000,0.000,0.000,0.000,0.000,0.000,0.000,0.000,0.000,1500,1500
1.802,0.261,-0.061,0.000,10.049,0.000,0.000,0.000,0.000,0.000,0.000,0.000,0.000,0.000,0.000,0.000,0.000,1500,1500
1.812,0.261,-0.061,0.000,10.050,0.000,0.000,0.000,0.000,0.000,0.000,0.000,0.000,0.000,0.000,0.000,0.000,1500,1500
1.822,0.261,-0.061,0.000,10.050,0.000,0.000,0.000,0.000,0.000,0.000,0.000,0.000,0.000,0.000,0.000,0.000,1500,1500
1.832,0.261,-0.061,0.000,10.050,0.000,0.000,0.000,0.000,0.000,0.000,0.000,0.000,0.000,0.000,0.000,0.000,1500,1500
1.842,0.261,-0.061,0.000,10.051,0.000,0.000,0.000,0.000,0.000,0.000,0.000,0.000,0.000,0.000,0.000,0.000,1500,1500
1.852,0.261,-0.061,0.000,10.051,0.000,0.000,0.000,0.000,0.000,0.000,0.000,0.000,0.000,0.000,0.000,0.000,1500,1500
1.862,0.261,-0.061,0.000,10.051,0.000,0.000,0.000,0.000,0.000,0.000,0.000,0.000,0.000,0.000,0.000,0.000,1500,1500
1.872,0.261,-0.061,0.000,10.051,0.000,0.000,0.000,0.000,0.000,0.000,0.000,0.000,0.000,0.000,0.000,0.000,1500,1500
1.882,0.261,-0.061,0.000,10.051,0.000,0.000,0.000,0.000,0.000,0.000,0.000,0.000,0.000,0.000,0.000,0.000,1500,1500
1.892,0.261,-0.061,0.000,10.051,0.000,0.000,0.000,0.000,0.000,0.000,0.000,0.000,0.000,0.000,0.000,0.000,1500,1500
1.902,0.261,-0.061,0.000,10.052,0.000,0.000,0.000,0.000,0.000,0.000,0.000,0.000,0.000,0.000,0.000,0.000,1500,1500
1.912,0.261,-0.061,0.000,10.052,0.000,0.000,0.000,0.000,0.000,0.000,0.000,0.000,0.000,0.000,0.000,0.000,1500,1500
1.922,0.261,-0.061,0.000,10.052,0.000,0.000,0.000,0.000,0.000,0.000,0.000,0.000,0.000,0.000,0.000,0.000,1500,1500
1.932,0.261,-0.061,0.000,10.052,0.000,0.000,0.000,0.000,0.000,0.000,0.000,0.000,0.000,0.000,0.000,0.000,1500,1500
1.942,0.261,-0.061,0.000,10.052,0.000,0.000,0.000,0.000,0.000,0.000,0.000,0.000,0.000,0.000,0.000,0.000,1500,1500
1.952,0.261,-0.061,0.000,10.052,0.000,0.000,0.000,0.000,0.000,0.000,0.000,0.000,0.000,0.000,0.000,0.000,1500,1500
1.962,0.261,-0.061,0.000,10.052,0.000,0.000,0.000,0.000,0.000,0.000,0.000,0.000,0.000,0.000,0.000,0.000,1500,1500
1.972,0.261,-0.061,0.000,10.052,0.000,0.000,0.000,0.000,0.000,0.000,0.000,0.000,0.000,0.000,0.000,0.000,1500,1500
1.982,0.261,-0.061,0.000,10.052,0.000,0.000,0.000,0.000,0.000,0.000,0.000,0.000,0.000,0.000,0.000,0.000,1500,1500
1.992,0.261,-0.061,0.000,10.052,0.000,0.000,0.000,0.000,0.000,0.000,0.000,0.000,0.000,0.000,0.000,0.000,1500,1500
2.002,0.264,-0.064,0.000,10.050,0.000,0.000,0.000,0.000,0.000,0.000,0.000,0.000,0.000,0.000,0.000,0.000,1500,1500
2.012,0.264,-0.064,0.000,10.048,0.000,0.000,0.000,0.000,0.000,0.000,0.000,0.000,0.000,0.000,0.000,0.000,1500,1500
2.022,0.264,-0.064,0.000,10.047,0.000,0.000,0.000,0.000,0.000,0.000,0.000,0.000,0.000,0.000,0.000,0.000,1500,1500
2.032,0.264,-0.064,0.000,10.046,0.000,0.000,0.000,0.000,0.000,0.000,0.000,0.000,0.000,0.000,0.000,0.000,1500,1500
2.042,0.264,-0.064,0.000,10.045,0.000,0.000,0.000,0.000,0.000,0.000,0.000,0.000,0.000,0.000,0.000,0.000,1500,1500
2.052,0.264,-0.064,0.000,10.045,0.000,0.000,0.000,0.000,0.000,0.000,0.000,0.000,0.000,0.000,0.000,0.000,1500,1500
2.062,0.264,-0.064,0.000,10.044,0.000,0.000,0.000,0.000,0.000,0.000,0.000,0.000,0.000,0.000,0.000,0.000,1500,1500
2.072,0.264,-0.064,0.000,10.044,0.000,0.000,0.000,0.000,0.000,0.000,0.000,0.000,0.000,0.000,0.000,0.000,1500,1500
2.082,0.264,-0.064,0.000,10.043,0.000,0.000,0.000,0.000,0.000,0.000,0.000,0.000,0.000,0.000,0.000,0.000,1500,1500
2.092,0.264,-0.064,0.000,10.043,0.000,0.000,0.000,0.000,0.000,0.000,0.000,0.000,0.000,0.000,0.000,0.000,1500,1500
2.102,0.264,-0.064,0.000,10.043,0.000,0.000,0.000,0.000,0.000,0.000,0.000,0.000,0.000,0.000,0.000,0.000,1500,1500
2.112,0.264,-0.064,0.000,10.043,0.000,0.000,0.000,0.000,0.000,0.000,0.000,0.000,0.000,0.000,0.000,0.000,1500,1500
2.122,0.264,-0.064,0.000,10.043,0.000,0.000,0.000,0.000,0.000,0.000,0.000,0.000,0.000,0.000,0.000,0.000,1500,1500
2.132,0.264,-0.064,0.000,10.042,0.000,0.000,0.000,0.000,0.000,0.000,0.000,0.000,0.000,0.000,0.000,0.000,1500,1500
2.142,0.264,-0.064,0.000,10.042,0.000,0.000,0.000,0.000,0.000,0.000,0.000,0.000,0.000,0.000,0.000,0.000,1500,1500
2.152,0.264,-0.064,0.000,10.042,0.000,0.000,0.000,0.000,0.000,0.000,0.000,0.000,0.000,0.000,0.000,0.000,1500,1500
2.162,0.264,-0.064,0.000,10.042,0.000,0.000,0.000,0.000,0.000,0.000,0.000,0.000,0.000,0.000,0.000,0.000,1500,1500
2.172,0.264,-0.064,0.000,10.042,0.000,0.000,0.000,0.000,0.000,0.000,0.000,0.000,0.000,0.000,0.000,0.000,1500,1500
2.182,0.264,-0.064,0.000,10.042,0.000,0.000,0.000,0.000,0.000,0.000,0.000,0.000,0.000,0.000,0.000,0.000,1500,1500
2.192,0.264,-0.064,0.000,10.042,0.000,0.000,0.000,0.000,0.000,0.000,0.000,0.000,0.000,0.000,0.000,0.000,1500,1500
2.202,0.264,-0.064,0.000,10.042,0.000,0.000,0.000,0.000,0.000,0.000,0.000,0.000,0.000,0.000,0.000,0.000,1500,1500
2.212,0.264,-0.064,0.000,10.042,0.000,0.000,0.000,0.000,0.000,0.000,0.000,0.000,0.000,0.000,0.000,0.000,1500,1500
2.222,0.264,-0.064,0.000,10.042,0.000,0.000,0.000,0.000,0.000,0.000,0.000,0.000,0.000,0.000,0.000,0.000,1500,1500
2.232,0.264,-0.064,0.000,10.042,0.000,0.000,0.000,0.000,0.000,0.000,0.000,0.000,0.000,0.000,0.000,0.000,1500,1500
2.242,0.264,-0.064,0.000,10.042,0.000,0.000,0.000,0.000,0.000,0.000,0.000,0.000,0.000,0.000,0.000,0.000,1500,1500
2.252,0.262,-0.062,0.000,10.042,0.000,0.000,0.000,0.000,0.000,0.000,0.000,0.000,0.000,0.000,0.000,0.000,1500,1500
2.262,0.262,-0.062,0.000,10.042,0.000,0.000,0.000,0.000,0.000,0.000,0.000,0.000,0.000,0.000,0.000,0.000,1500,1500
2.272,0.262,-0.062,0.000,10.042,0.000,0.000,0.000,0.000,0.000,0.000,0.000,0.000,0.000,0.000,0.000,0.000,1500,1500
2.282,0.262,-0.062,0.000,10.042,0.000,0.000,0.000,0.000,0.000,0.000,0.000,0.000,0.000,0.000,0.000,0.000,1500,1500
2.292,0.262,-0.062,0.000,10.042,0.000,0.000,0.000,0.000,0.000,0.000,0.000,0.000,0.000,0.000,0.000,0.000,1500,1500
2.302,0.262,-0.062,0.000,10.042,0.000,0.000,0.000,0.000,0.000,0.000,0.000,0.000,0.000,0.000,0.000,0.000,1500,1500
2.312,0.262,-0.062,0.000,10.042,0.000,0.000,0.000,0.000,0.000,0.000,0.000,0.000,0.000,0.000,0.000,0.000,1500,1500
2.322,0.262,-0.062,0.000,10.042,0.000,0.000,0.000,0.000,0.000,0.000,0.000,0.000,0.000,0.000,0.000,0.000,1500,1500
2.332,0.262,-0.062,0.000,10.042,0.000,0.000,0.000,0.000,0.000,0.000,0.000,0.000,0.000,0.000,0.000,0.000,1500,1500
2.342,0.262,-0.062,0.000,10.042,0.000,0.000,0.000,0.000,0.000,0.000,0.000,0.000,0.000,0.000,0.000,0.000,1500,1500
2.352,0.262,-0.062,0.000,10.042,0.000,0.000,0.000,0.000,0.000,0.000,0.000,0.000,0.000,0.000,0.000,0.000,1500,1500
2.362,0.262,-0.062,0.000,10.042,0.000,0.000,0.000,0.000,0.000,0.000,0.000,0.000,0.000,0.000,0.000,0.000,1500,1500
2.372,0.262,-0.062,0.000,10.042,0.000,0.000,0.000,0.000,0.000,0.000,0.000,0.000,0.000,0.000,0.000,0.000,1500,1500
2.382,0.262,-0.062,0.000,10.042,0.000,0.000,0.000,0.000,0.000,0.000,0.000,0.000,0.000,0.000,0.000,0.000,1500,1500
2.392,0.262,-0.062,0.000,10.042,0.000,0.000,0.000,0.000,0.000,0.000,0.000,0.000,0.000,0.000,0.000,0.000,1500,1500
2.402,0.262,-0.062,0.000,10.042,0.000,0.000,0.000,0.000,0.000,0.000,0.000,0.000,0.000,0.000,0.000,0.000,1500,1500
2.412,0.262,-0.062,0.000,10.042,0.000,0.000,0.000,0.000,0.000,0.000,0.000,0.000,0.000,0.000,0.000,0.000,1500,1500
2.422,0.262,-0.062,0.000,10.042,0.000,0.000,0.000,0.000,0.000,0.000,0.000,0.000,0.000,0.000,0.000,0.000,1500,1500
2.432,0.262,-0.062,0.000,10.042,0.000,0.000,0.000,0.000,0.000,0.000,0.000,0.000,0.000,0.000,0.000,0.000,1500,1500
2.442,0.262,-0.062,0.000,10.042,0.000,0.000,0.000,0.000,0.000,0.000,0.000,0.000,0.000,0.000,0.000,0.000,1500,1500
2.452,0.262,-0.062,0.000,10.042,0.000,0.000,0.000,0.000,0.000,0.000,0.000,0.000,0.000,0.000,0.000,0.000,1500,1500
2.462,0.262,-0.062,0.000,10.042,0.000,0.000,0.000,0.000,0.000,0.000,0.000,0.000,0.000,0.000,0.000,0.000,1500,1500
2.472,0.262,-0.062,0.000,10.042,0.000,0.000,0.000,0.000,0.000,0.000,0.000,0.000,0.000,0.000,0.000,0.000,1500,1500
2.482,0.262,-0.062,0.000,10.042,0.000,0.000,0.000,0.000,0.000,0.000,0.000,0.000,0.000,0.000,0.000,0.000,1500,1500
2.492,0.262,-0.062,0.000,10.042,0.000,0.000,0.000,0.000,0.000,0.000,0.000,0.000,0.000,0.000,0.000,0.000,1500,1500
2.502,0.266,-0.066,0.000,10.044,0.000,0.000,0.000,0.000,0.000,0.000,0.000,0.000,0.000,0.000,0.000,0.000,1500,1500
2.512,0.266,-0.066,0.000,10.046,0.000,0.000,0.000,0.000,0.000,0.000,0.000,0.000,0.000,0.000,0.000,0.000,1500,1500
2.522,0.266,-0.066,0.000,10.047,0.000,0.000,0.000,0.000,0.000,0.000,0.000,0.000,0.000,0.000,0.000,0.000,1500,1500
2.532,0.266,-0.066,0.000,10.048,0.000,0.000,0.000,0.000,0.000,0.000,0.000,0.000,0.000,0.000,0.000,0.000,1500,1500
2.542,0.266,-0.066,0.000,10.049,0.000,0.000,0.000,0.000,0.000,0.000,0.000,0.000,0.000,0.000,0.000,0.000,1500,1500
2.552,0.266,-0.066,0.000,10.049,0.000,0.000,0.000,0.000,0.000,0.000,0.000,0.000,0.000,0.000,0.000,0.000,1500,1500
2.562,0.266,-0.066,0.000,10.050,0.000,0.000,0.000,0.000,0.000,0.000,0.000,0.000,0.000,0.000,0.000,0.000,1500,1500
2.572,0.266,-0.066,0.000,10.050,0.000,0.000,0.000,0.000,0.000,0.000,0.000,0.000,0.000,0.000,0.000,0.000,1500,1500
2.582,0.266,-0.066,0.000,10.051,0.000,0.000,0.000,0.000,0.000,0.000,0.000,0.000,0.000,0.000,0.000,0.000,1500,1500
2.592,0.266,-0.066,0.000,10.051,0.000,0.000,0.000,0.000,0.000,0.000,0.000,0.000,0.000,0.000,0.000,0.000,1500,1500
2.602,0.266,-0.066,0.000,10.051,0.000,0.000,0.000,0.000,0.000,0.000,0.000,0.000,0.000,0.000,0.000,0.000,1500,1500
2.612,0.266,-0.066,0.000,10.051,0.000,0.000,0.000,0.000,0.000,0.000,0.000,0.000,0.000,0.000,0.000,0.000,1500,1500
2.622,0.266,-0.066,0.000,10.051,0.000,0.000,0.000,0.000,0.000,0.000,0.000,0.000,0.000,0.000,0.000,0.000,1500,1500
2.632,0.266,-0.066,0.000,10.051,0.000,0.000,0.000,0.000,0.000,0.000,0.000,0.000,0.000,0.000,0.000,0.000,1500,1500
2.642,0.266,-0.066,0.000,10.051,0.000,0.000,0.000,0.000,0.000,0.000,0.000,0.000,0.000,0.000,0.000,0.000,1500,1500
2.652,0.266,-0.066,0.000,10.052,0.000,0.000,0.000,0.000,0.000,0.000,0.000,0.000,0.000,0.000,0.000,0.000,1500,1500
2.662,0.266,-0.066,0.000,10.052,0.000,0.000,0.000,0.000,0.000,0.000,0.000,0.000,0.000,0.000,0.000,0.000,1500,1500
2.672,0.266,-0.066,0.000,10.052,0.000,0.000,0.000,0.000,0.000,0.000,0.000,0.000,0.000,0.000,0.000,0.000,1500,1500
2.682,0.266,-0.066,0.000,10.052,0.000,0.000,0.000,0.000,0.000,0.000,0.000,0.000,0.000,0.000,0.000,0.000,1500,1500
2.692,0.266,-0.066,0.000,10.052,0.000,0.000,0.000,0.000,0.000,0.000,0.000,0.000,0.000,0.000,0.000,0.000,1500,1500
2.702,0.266,-0.066,0.000,10.052,0.000,0.000,0.000,0.000,0.000,0.000,0.000,0.000,0.000,0.000,0.000,0.000,1500,1500
2.712,0.266,-0.066,0.000,10.052,0.000,0.000,0.000,0.000,0.000,0.000,0.000,0.000,0.000,0.000,0.000,0.000,1500,1500
2.722,0.266,-0.066,0.000,10.052,0.000,0.000,0.000,0.000,0.000,0.000,0.000,0.000,0.000,0.000,0.000,0.000,1500,1500
2.732,0.266,-0.066,0.000,10.052,0.000,0.000,0.000,0.000,0.000,0.000,0.000,0.000,0.000,0.000,0.000,0.000,1500,1500
2.742,0.266,-0.066,0.000,10.052,0.000,0.000,0.000,0.000,0.000,0.000,0.000,0.000,0.000,0.000,0.000,0.000,1500,1500
2.752,0.261,-0.061,0.000,10.052,0.000,0.000,0.000,0.000,0.000,0.000,0.000,0.000,0.000,0.000,0.000,0.000,1500,1500
2.762,0.261,-0.061,0.000,10.052,0.000,0.000,0.000,0.000,0.000,0.000,0.000,0.000,0.000,0.000,0.000,0.000,1500,1500
2.772,0.261,-0.061,0.000,10.052,0.000,0.000,0.000,0.000,0.000,0.000,0.000,0.000,0.000,0.000,0.000,0.000,1500,1500
2.782,0.261,-0.061,0.000,10.052,0.000,0.000,0.000,0.000,0.000,0.000,0.000,0.000,0.000,0.000,0.000,0.000,1500,1500
2.792,0.261,-0.061,0.000,10.052,0.000,0.000,0.000,0.000,0.000,0.000,0.000,0.000,0.000,0.000,0.000,0.000,1500,1500
2.802,0.261,-0.061,0.000,10.052,0.000,0.000,0.000,0.000,0.000,0.000,0.000,0.000,0.000,0.000,0.000,0.000,1500,1500
2.812,0.261,-0.061,0.000,10.052,0.000,0.000,0.000,0.000,0.000,0.000,0.000,0.000,0.000,0.000,0.000,0.000,1500,1500
2.822,0.261,-0.061,0.000,10.052,0.000,0.000,0.000,0.000,0.000,0.000,0.000,0.000,0.000,0.000,0.000,0.000,1500,1500
2.832,0.261,-0.061,0.000,10.052,0.000,0.000,0.000,0.000,0.000,0.000,0.000,0.000,0.000,0.000,0.000,0.000,1500,1500
2.842,0.261,-0.061,0.000,10.052,0.000,0.000,0.000,0.000,0.000,0.000,0.000,0.000,0.000,0.000,0.000,0.000,1500,1500
2.852,0.261,-0.061,0.000,10.052,0.000,0.000,0.000,0.000,0.000,0.000,0.000,0.000,0.000,0.000,0.000,0.000,1500,1500
2.862,0.261,-0.061,0.000,10.052,0.000,0.000,0.000,0.000,0.000,0.000,0.000,0.000,0.000,0.000,0.000,0.000,1500,1500
2.872,0.261,-0.061,0.000,10.052,0.000,0.000,0.000,0.000,0.000,0.000,0.000,0.000,0.000,0.000,0.000,0.000,1500,1500
2.882,0.261,-0.061,0.000,10.052,0.000,0.000,0.000,0.000,0.000,0.000,0.000,0.000,0.000,0.000,0.000,0.000,1500,1500
2.892,0.261,-0.061,0.000,10.052,0.000,0.000,0.000,0.000,0.000,0.000,0.000,0.000,0.000,0.000,0.000,0.000,1500,1500
2.902,0.261,-0.061,0.000,10.052,0.000,0.000,0.000,0.000,0.000,0.000,0.000,0.000,0.000,0.000,0.000,0.000,1500,1500
2.912,0.261,-0.061,0.000,10.052,0.000,0.000,0.000,0.000,0.000,0.000,0.000,0.000,0.000,0.000,0.000,0.000,1500,1500
2.922,0.261,-0.061,0.000,10.052,0.000,0.000,0.000,0.000,0.000,0.000,0.000,0.000,0.000,0.000,0.000,0.000,1500,1500
2.932,0.261,-0.061,0.000,10.052,0.000,0.000,0.000,0.000,0.000,0.000,0.000,0.000,0.000,0.000,0.000,0.000,1500,1500
2.942,0.261,-0.061,0.000,10.052,0.000,0.000,0.000,0.000,0.000,0.000,0.000,0.000,0.000,0.000,0.000,0.000,1500,1500
2.952,0.261,-0.061,0.000,10.052,0.000,0.000,0.000,0.000,0.000,0.000,0.000,0.000,0.000,0.000,0.000,0.000,1500,1500
2.962,0.261,-0.061,0.000,10.052,0.000,0.000,0.000,0.000,0.000,0.000,0.000,0.000,0.000,0.000,0.000,0.000,1500,1500
2.972,0.261,-0.061,0.000,10.052,0.000,0.000,0.000,0.000,0.000,0.000,0.000,0.000,0.000,0.000,0.000,0.000,1500,1500
2.982,0.261,-0.061,0.000,10.052,0.000,0.000,0.000,0.000,0.000,0.000,0.000,0.000,0.000,0.000,0.000,0.000,1500,1500
2.992,0.261,-0.061,0.000,10.052,0.000,0.000,0.000,0.000,0.000,0.000,0.000,0.000,0.000,0.000,0.000,0.000,1500,1500
3.002,0.257,-0.057,0.000,10.044,0.000,0.000,0.000,0.000,0.000,0.000,0.000,0.000,0.000,0.000,0.000,0.000,1500,1500
3.012,0.257,-0.057,0.000,10.038,0.000,0.000,0.000,0.000,0.000,0.000,0.000,0.000,0.000,0.000,0.000,0.000,1500,1500
3.022,0.257,-0.057,0.000,10.033,0.000,0.000,0.000,0.000,0.000,0.000,0.000,0.000,0.000,0.000,0.000,0.000,1500,1500
3.032,0.257,-0.057,0.000,10.029,0.000,0.000,0.000,0.000,0.000,0.000,0.000,0.000,0.000,0.000,0.000,0.000,1500,1500
3.042,0.257,-0.057,0.000,10.025,0.000,0.000,0.000,0.000,0.000,0.000,0.000,0.000,0.000,0.000,0.000,0.000,1500,1500
3.052,0.257,-0.057,0.000,10.023,0.000,0.000,0.000,0.000,0.000,0.000,0.000,0.000,0.000,0.000,0.000,0.000,1500,1500
3.062,0.257,-0.057,0.000,10.021,0.000,0.000,0.000,0.000,0.000,0.000,0.000,0.000,0.000,0.000,0.000,0.000,1500,1500
3.072,0.257,-0.057,0.000,10.019,0.000,0.000,0.000,0.000,0.000,0.000,0.000,0.000,0.000,0.000,0.000,0.000,1500,1500
3.082,0.257,-0.057,0.000,10.018,0.000,0.000,0.000,0.000,0.000,0.000,0.000,0.000,0.000,0.000,0.000,0.000,1500,1500
3.092,0.257,-0.057,0.000,10.017,0.000,0.000,0.000,0.000,0.000,0.000,0.000,0.000,0.000,0.000,0.000,0.000,1500,1500
3.102,0.257,-0.057,0.000,10.016,0.000,0.000,0.000,0.000,0.000,0.000,0.000,0.000,0.000,0.000,0.000,0.000,1500,1500
3.112,0.257,-0.057,0.000,10.015,0.000,0.000,0.000,0.000,0.000,0.000,0.000,0.000,0.000,0.000,0.000,0.000,1500,1500
3.122,0.257,-0.057,0.000,10.015,0.000,0.000,0.000,0.000,0.000,0.000,0.000,0.000,0.000,0.000,0.000,0.000,1500,1500
3.132,0.257,-0.057,0.000,10.014,0.000,0.000,0.000,0.000,0.000,0.000,0.000,0.000,0.000,0.000,0.000,0.000,1500,1500
3.142,0.257,-0.057,0.000,10.014,0.000,0.000,0.000,0.000,0.000,0.000,0.000,0.000,0.000,0.000,0.000,0.000,1500,1500
3.152,0.257,-0.057,0.000,10.014,0.000,0.000,0.000,0.000,0.000,0.000,0.000,0.000,0.000,0.000,0.000,0.000,1500,1500
3.162,0.257,-0.057,0.000,10.013,0.000,0.000,0.000,0.000,0.000,0.000,0.000,0.000,0.000,0.000,0.000,0.000,1500,1500
3.172,0.257,-0.057,0.000,10.013,0.000,0.000,0.000,0.000,0.000,0.000,0.000,0.000,0.000,0.000,0.000,0.000,1500,1500
3.182,0.257,-0.057,0.000,10.013,0.000,0.000,0.000,0.000,0.000,0.000,0.000,0.000,0.000,0.000,0.000,0.000,1500,1500
3.192,0.257,-0.057,0.000,10.013,0.000,0.000,0.000,0.000,0.000,0.000,0.000,0.000,0.000,0.000,0.000,0.000,1500,1500
3.202,0.257,-0.057,0.000,10.013,0.000,0.000,0.000,0.000,0.000,0.000,0.000,0.000,0.000,0.000,0.000,0.000,1500,1500
3.212,0.257,-0.057,0.000,10.013,0.000,0.000,0.000,0.000,0.000,0.000,0.000,0.000,0.000,0.000,0.000,0.000,1500,1500
3.222,0.257,-0.057,0.000,10.013,0.000,0.000,0.000,0.000,0.000,0.000,0.000,0.000,0.000,0.000,0.000,0.000,1500,1500
3.232,0.257,-0.057,0.000,10.013,0.000,0.000,0.000,0.000,0.000,0.000,0.000,0.000,0.000,0.000,0.000,0.000,1500,1500
3.242,0.257,-0.057,0.000,10.013,0.000,0.000,0.000,0.000,0.000,0.000,0.000,0.000,0.000,0.000,0.000,0.000,1500,1500
3.252,0.260,-0.060,0.000,10.021,0.000,0.000,0.000,0.000,0.000,0.000,0.000,0.000,0.000,0.000,0.000,0.000,1500,1500
3.262,0.260,-0.060,0.000,10.027,0.000,0.000,0.000,0.000,0.000,0.000,0.000,0.000,0.000,0.000,0.000,0.000,1500,1500
3.272,0.260,-0.060,0.000,10.032,0.000,0.000,0.000,0.000,0.000,0.000,0.000,0.000,0.000,0.000,0.000,0.000,1500,1500
3.282,0.260,-0.060,0.000,10.036,0.000,0.000,0.000,0.000,0.000,0.000,0.000,0.000,0.000,0.000,0.000,0.000,1500,1500
3.292,0.260,-0.060,0.000,10.039,0.000,0.000,0.000,0.000,0.000,0.000,0.000,0.000,0.000,0.000,0.000,0.000,1500,1500
3.302,0.260,-0.060,0.000,10.042,0.000,0.000,0.000,0.000,0.000,0.000,0.000,0.000,0.000,0.000,0.000,0.000,1500,1500
3.312,0.260,-0.060,0.000,10.044,0.000,0.000,0.000,0.000,0.000,0.000,0.000,0.000,0.000,0.000,0.000,0.000,1500,1500
3.322,0.260,-0.060,0.000,10.045,0.000,0.000,0.000,0.000,0.000,0.000,0.000,0.000,0.000,0.000,0.000,0.000,1500,1500
3.332,0.260,-0.060,0.000,10.047,0.000,0.000,0.000,0.000,0.000,0.000,0.000,0.000,0.000,0.000,0.000,0.000,1500,1500
3.342,0.260,-0.060,0.000,10.048,0.000,0.000,0.000,0.000,0.000,0.000,0.000,0.000,0.000,0.000,0.000,0.000,1500,1500
3.352,0.260,-0.060,0.000,10.048,0.000,0.000,0.000,0.000,0.000,0.000,0.000,0.000,0.000,0.000,0.000,0.000,1500,1500
3.362,0.260,-0.060,0.000,10.049,0.000,0.000,0.000,0.000,0.000,0.000,0.000,0.000,0.000,0.000,0.000,0.000,1500,1500
3.372,0.260,-0.060,0.000,10.050,0.000,0.000,0.000,0.000,0.000,0.000,0.000,0.000,0.000,0.000,0.000,0.000,1500,1500
3.382,0.260,-0.060,0.000,10.050,0.000,0.000,0.000,0.000,0.000,0.000,0.000,0.000,0.000,0.000,0.000,0.000,1500,1500
3.392,0.260,-0.060,0.000,10.050,0.000,0.000,0.000,0.000,0.000,0.000,0.000,0.000,0.000,0.000,0.000,0.000,1500,1500
3.402,0.260,-0.060,0.000,10.051,0.000,0.000,0.000,0.000,0.000,0.000,0.000,0.000,0.000,0.000,0.000,0.000,1500,1500
3.412,0.260,-0.060,0.000,10.051,0.000,0.000,0.000,0.000,0.000,0.000,0.000,0.000,0.000,0.000,0.000,0.000,1500,1500
3.422,0.260,-0.060,0.000,10.051,0.000,0.000,0.000,0.000,0.000,0.000,0.000,0.000,0.000,0.000,0.000,0.000,1500,1500
3.432,0.260,-0.060,0.000,10.051,0.000,0.000,0.000,0.000,0.000,0.000,0.000,0.000,0.000,0.000,0.000,0.000,1500,1500
3.442,0.260,-0.060,0.000,10.051,0.000,0.000,0.000,0.000,0.000,0.000,0.000,0.000,0.000,0.000,0.000,0.000,1500,1500
3.452,0.260,-0.060,0.000,10.051,0.000,0.000,0.000,0.000,0.000,0.000,0.000,0.000,0.000,0.000,0.000,0.000,1500,1500
3.462,0.260,-0.060,0.000,10.052,0.000,0.000,0.000,0.000,0.000,0.000,0.000,0.000,0.000,0.000,0.000,0.000,1500,1500
3.472,0.260,-0.060,0.000,10.052,0.000,0.000,0.000,0.000,0.000,0.000,0.000,0.000,0.000,0.000,0.000,0.000,1500,1500
3.482,0.260,-0.060,0.000,10.052,0.000,0.000,0.000,0.000,0.000,0.000,0.000,0.000,0.000,0.000,0.000,0.000,1500,1500
3.492,0.260,-0.060,0.000,10.052,0.000,0.000,0.000,0.000,0.000,0.000,0.000,0.000,0.000,0.000,0.000,0.000,1500,1500
3.502,0.267,-0.067,0.000,10.046,0.000,0.000,0.000,0.000,0.000,0.000,0.000,0.000,0.000,0.000,0.000,0.000,1500,1500
3.512,0.267,-0.067,0.000,10.041,0.000,0.000,0.000,0.000,0.000,0.000,0.000,0.000,0.000,0.000,0.000,0.000,1500,1500
3.522,0.267,-0.067,0.000,10.037,0.000,0.000,0.000,0.000,0.000,0.000,0.000,0.000,0.000,0.000,0.000,0.000,1500,1500
3.532,0.267,-0.067,0.000,10.034,0.000,0.000,0.000,0.000,0.000,0.000,0.000,0.000,0.000,0.000,0.000,0.000,1500,1500
3.542,0.267,-0.067,0.000,10.032,0.000,0.000,0.000,0.000,0.000,0.000,0.000,0.000,0.000,0.000,0.000,0.000,1500,1500
3.552,0.267,-0.067,0.000,10.030,0.000,0.000,0.000,0.000,0.000,0.000,0.000,0.000,0.000,0.000,0.000,0.000,1500,1500
3.562,0.267,-0.067,0.000,10.029,0.000,0.000,0.000,0.000,0.000,0.000,0.000,0.000,0.000,0.000,0.000,0.000,1500,1500
3.572,0.267,-0.067,0.000,10.027,0.000,0.000,0.000,0.000,0.000,0.000,0.000,0.000,0.000,0.000,0.000,0.000,1500,1500
3.582,0.267,-0.067,0.000,10.026,0.000,0.000,0.000,0.000,0.000,0.000,0.000,0.000,0.000,0.000,0.000,0.000,1500,1500
3.592,0.267,-0.067,0.000,10.026,0.000,0.000,0.000,0.000,0.000,0.000,0.000,0.000,0.000,0.000,0.000,0.000,1500,1500
3.602,0.267,-0.067,0.000,10.025,0.000,0.000,0.000,0.000,0.000,0.000,0.000,0.000,0.000,0.000,0.000,0.000,1500,1500
3.612,0.267,-0.067,0.000,10.024,0.000,0.000,0.000,0.000,0.000,0.000,0.000,0.000,0.000,0.000,0.000,0.000,1500,1500
3.622,0.267,-0.067,0.000,10.024,0.000,0.000,0.000,0.000,0.000,0.000,0.000,0.000,0.000,0.000,0.000,0.000,1500,1500
3.632,0.267,-0.067,0.000,10.024,0.000,0.000,0.000,0.000,0.000,0.000,0.000,0.000,0.000,0.000,0.000,0.000,1500,1500
3.642,0.267,-0.067,0.000,10.023,0.000,0.000,0.000,0.000,0.000,0.000,0.000,0.000,0.000,0.000,0.000,0.000,1500,1500
3.652,0.267,-0.067,0.000,10.023,0.000,0.000,0.000,0.000,0.000,0.000,0.000,0.000,0.000,0.000,0.000,0.000,1500,1500
3.662,0.267,-0.067,0.000,10.023,0.000,0.000,0.000,0.000,0.000,0.000,0.000,0.000,0.000,0.000,0.000,0.000,1500,1500
3.672,0.267,-0.067,0.000,10.023,0.000,0.000,0.000,0.000,0.000,0.000,0.000,0.000,0.000,0.000,0.000,0.000,1500,1500
3.682,0.267,-0.067,0.000,10.023,0.000,0.000,0.000,0.000,0.000,0.000,0.000,0.000,0.000,0.000,0.000,0.000,1500,1500
3.692,0.267,-0.067,0.000,10.023,0.000,0.000,0.000,0.000,0.000,0.000,0.000,0.000,0.000,0.000,0.000,0.000,1500,1500
3.702,0.267,-0.067,0.000,10.023,0.000,0.000,0.000,0.000,0.000,0.000,0.000,0.000,0.000,0.000,0.000,0.000,1500,1500
3.712,0.267,-0.067,0.000,10.023,0.000,0.000,0.000,0.000,0.000,0.000,0.000,0.000,0.000,0.000,0.000,0.000,1500,1500
3.722,0.267,-0.067,0.000,10.023,0.000,0.000,0.000,0.000,0.000,0.000,0.000,0.000,0.000,0.000,0.000,0.000,1500,1500
3.732,0.267,-0.067,0.000,10.023,0.000,0.000,0.000,0.000,0.000,0.000,0.000,0.000,0.000,0.000,0.000,0.000,1500,1500
3.742,0.267,-0.067,0.000,10.023,0.000,0.000,0.000,0.000,0.000,0.000,0.000,0.000,0.000,0.000,0.000,0.000,1500,1500
3.752,0.262,-0.062,0.000,10.024,0.000,0.000,0.000,0.000,0.000,0.000,0.000,0.000,0.000,0.000,0.000,0.000,1500,1500
3.762,0.262,-0.062,0.000,10.026,0.000,0.000,0.000,0.000,0.000,0.000,0.000,0.000,0.000,0.000,0.000,0.000,1500,1500
3.772,0.262,-0.062,0.000,10.027,0.000,0.000,0.000,0.000,0.000,0.000,0.000,0.000,0.000,0.000,0.000,0.000,1500,1500
3.782,0.262,-0.062,0.000,10.028,0.000,0.000,0.000,0.000,0.000,0.000,0.000,0.000,0.000,0.000,0.000,0.000,1500,1500
3.792,0.262,-0.062,0.000,10.029,0.000,0.000,0.000,0.000,0.000,0.000,0.000,0.000,0.000,0.000,0.000,0.000,1500,1500
3.802,0.262,-0.062,0.000,10.030,0.000,0.000,0.000,0.000,0.000,0.000,0.000,0.000,0.000,0.000,0.000,0.000,1500,1500
3.812,0.262,-0.062,0.000,10.030,0.000,0.000,0.000,0.000,0.000,0.000,0.000,0.000,0.000,0.000,0.000,0.000,1500,1500
3.822,0.262,-0.062,0.000,10.031,0.000,0.000,0.000,0.000,0.000,0.000,0.000,0.000,0.000,0.000,0.000,0.000,1500,1500
3.832,0.262,-0.062,0.000,10.031,0.000,0.000,0.000,0.000,0.000,0.000,0.000,0.000,0.000,0.000,0.000,0.000,1500,1500
3.842,0.262,-0.062,0.000,10.031,0.000,0.000,0.000,0.000,0.000,0.000,0.000,0.000,0.000,0.000,0.000,0.000,1500,1500
3.852,0.262,-0.062,0.000,10.031,0.000,0.000,0.000,0.000,0.000,0.000,0.000,0.000,0.000,0.000,0.000,0.000,1500,1500
3.862,0.262,-0.062,0.000,10.032,0.000,0.000,0.000,0.000,0.000,0.000,0.000,0.000,0.000,0.000,0.000,0.000,1500,1500
3.872,0.262,-0.062,0.000,10.032,0.000,0.000,0.000,0.000,0.000,0.000,0.000,0.000,0.000,0.000,0.000,0.000,1500,1500
3.882,0.262,-0.062,0.000,10.032,0.000,0.000,0.000,0.000,0.000,0.000,0.000,0.000,0.000,0.000,0.000,0.000,1500,1500
3.892,0.262,-0.062,0.000,10.032,0.000,0.000,0.000,0.000,0.000,0.000,0.000,0.000,0.000,0.000,0.000,0.000,1500,1500
3.902,0.262,-0.062,0.000,10.032,0.000,0.000,0.000,0.000,0.000,0.000,0.000,0.000,0.000,0.000,0.000,0.000,1500,1500
3.912,0.262,-0.062,0.000,10.032,0.000,0.000,0.000,0.000,0.000,0.000,0.000,0.000,0.000,0.000,0.000,0.000,1500,1500
3.922,0.262,-0.062,0.000,10.032,0.000,0.000,0.000,0.000,0.000,0.000,0.000,0.000,0.000,0.000,0.000,0.000,1500,1500
3.932,0.262,-0.062,0.000,10.032,0.000,0.000,0.000,0.000,0.000,0.000,0.000,0.000,0.000,0.000,0.000,0.000,1500,1500
3.942,0.262,-0.062,0.000,10.032,0.000,0.000,0.000,0.000,0.000,0.000,0.000,0.000,0.000,0.000,0.000,0.000,1500,1500
3.952,0.262,-0.062,0.000,10.032,0.000,0.000,0.000,0.000,0.000,0.000,0.000,0.000,0.000,0.000,0.000,0.000,1500,1500
3.962,0.262,-0.062,0.000,10.032,0.000,0.000,0.000,0.000,0.000,0.000,0.000,0.000,0.000,0.000,0.000,0.000,1500,1500
3.972,0.262,-0.062,0.000,10.032,0.000,0.000,0.000,0.000,0.000,0.000,0.000,0.000,0.000,0.000,0.000,0.000,1500,1500
3.982,0.262,-0.062,0.000,10.032,0.000,0.000,0.000,0.000,0.000,0.000,0.000,0.000,0.000,0.000,0.000,0.000,1500,1500
3.992,0.262,-0.062,0.000,10.032,0.000,0.000,0.000,0.000,0.000,0.000,0.000,0.000,0.000,0.000,0.000,0.000,1500,1500
4.002,0.260,-0.060,0.000,10.030,0.000,0.000,0.000,0.000,0.000,0.000,0.000,0.000,0.000,0.000,0.000,0.000,1500,1500
4.012,0.260,-0.060,0.000,10.029,0.000,0.000,0.000,0.000,0.000,0.000,0.000,0.000,0.000,0.000,0.000,0.000,1500,1500
4.022,0.260,-0.060,0.000,10.027,0.000,0.000,0.000,0.000,0.000,0.000,0.000,0.000,0.000,0.000,0.000,0.000,1500,1500
4.032,0.260,-0.060,0.000,10.026,0.000,0.000,0.000,0.000,0.000,0.000,0.000,0.000,0.000,0.000,0.000,0.000,1500,1500
4.042,0.260,-0.060,0.000,10.026,0.000,0.000,0.000,0.000,0.000,0.000,0.000,0.000,0.000,0.000,0.000,0.000,1500,1500
4.052,0.260,-0.060,0.000,10.025,0.000,0.000,0.000,0.000,0.000,0.000,0.000,0.000,0.000,0.000,0.000,0.000,1500,1500
4.062,0.260,-0.060,0.000,10.024,0.000,0.000,0.000,0.000,0.000,0.000,0.000,0.000,0.000,0.000,0.000,0.000,1500,1500
4.072,0.260,-0.060,0.000,10.024,0.000,0.000,0.000,0.000,0.000,0.000,0.000,0.000,0.000,0.000,0.000,0.000,1500,1500
4.082,0.260,-0.060,0.000,10.024,0.000,0.000,0.000,0.000,0.000,0.000,0.000,0.000,0.000,0.000,0.000,0.000,1500,1500
4.092,0.260,-0.060,0.000,10.023,0.000,0.000,0.000,0.000,0.000,0.000,0.000,0.000,0.000,0.000,0.000,0.000,1500,1500
4.102,0.260,-0.060,0.000,10.023,0.000,0.000,0.000,0.000,0.000,0.000,0.000,0.000,0.000,0.000,0.000,0.000,1500,1500
4.112,0.260,-0.060,0.000,10.023,0.000,0.000,0.000,0.000,0.000,0.000,0.000,0.000,0.000,0.000,0.000,0.000,1500,1500
4.122,0.260,-0.060,0.000,10.023,0.000,0.000,0.000,0.000,0.000,0.000,0.000,0.000,0.000,0.000,0.000,0.000,1500,1500
4.132,0.260,-0.060,0.000,10.023,0.000,0.000,0.000,0.000,0.000,0.000,0.000,0.000,0.000,0.000,0.000,0.000,1500,1500
4.142,0.260,-0.060,0.000,10.023,0.000,0.000,0.000,0.000,0.000,0.000,0.000,0.000,0.000,0.000,0.000,0.000,1500,1500
4.152,0.260,-0.060,0.000,10.023,0.000,0.000,0.000,0.000,0.000,0.000,0.000,0.000,0.000,0.000,0.000,0.000,1500,1500
4.162,0.260,-0.060,0.000,10.023,0.000,0.000,0.000,0.000,0.000,0.000,0.000,0.000,0.000,0.000,0.000,0.000,1500,1500
4.172,0.260,-0.060,0.000,10.023,0.000,0.000,0.000,0.000,0.000,0.000,0.000,0.000,0.000,0.000,0.000,0.000,1500,1500
4.182,0.260,-0.060,0.000,10.023,0.000,0.000,0.000,0.000,0.000,0.000,0.000,0.000,0.000,0.000,0.000,0.000,1500,1500
4.192,0.260,-0.060,0.000,10.023,0.000,0.000,0.000,0.000,0.000,0.000,0.000,0.000,0.000,0.000,0.000,0.000,1500,1500
4.202,0.260,-0.060,0.000,10.022,0.000,0.000,0.000,0.000,0.000,0.000,0.000,0.000,0.000,0.000,0.000,0.000,1500,1500
4.212,0.260,-0.060,0.000,10.022,0.000,0.000,0.000,0.000,0.000,0.000,0.000,0.000,0.000,0.000,0.000,0.000,1500,1500
4.222,0.260,-0.060,0.000,10.022,0.000,0.000,0.000,0.000,0.000,0.000,0.000,0.000,0.000,0.000,0.000,0.000,1500,1500
4.232,0.260,-0.060,0.000,10.022,0.000,0.000,0.000,0.000,0.000,0.000,0.000,0.000,0.000,0.000,0.000,0.000,1500,1500
4.242,0.260,-0.060,0.000,10.022,0.000,0.000,0.000,0.000,0.000,0.000,0.000,0.000,0.000,0.000,0.000,0.000,1500,1500
4.252,0.259,-0.059,0.000,10.028,0.000,0.000,0.000,0.000,0.000,0.000,0.000,0.000,0.000,0.000,0.000,0.000,1500,1500
4.262,0.259,-0.059,0.000,10.033,0.000,0.000,0.000,0.000,0.000,0.000,0.000,0.000,0.000,0.000,0.000,0.000,1500,1500
4.272,0.259,-0.059,0.000,10.037,0.000,0.000,0.000,0.000,0.000,0.000,0.000,0.000,0.000,0.000,0.000,0.000,1500,1500
4.282,0.259,-0.059,0.000,10.040,0.000,0.000,0.000,0.000,0.000,0.000,0.000,0.000,0.000,0.000,0.000,0.000,1500,1500
4.292,0.259,-0.059,0.000,10.042,0.000,0.000,0.000,0.000,0.000,0.000,0.000,0.000,0.000,0.000,0.000,0.000,1500,1500
4.302,0.259,-0.059,0.000,10.044,0.000,0.000,0.000,0.000,0.000,0.000,0.000,0.000,0.000,0.000,0.000,0.000,1500,1500
4.312,0.259,-0.059,0.000,10.046,0.000,0.000,0.000,0.000,0.000,0.000,0.000,0.000,0.000,0.000,0.000,0.000,1500,1500
4.322,0.259,-0.059,0.000,10.047,0.000,0.000,0.000,0.000,0.000,0.000,0.000,0.000,0.000,0.000,0.000,0.000,1500,1500
4.332,0.259,-0.059,0.000,10.048,0.000,0.000,0.000,0.000,0.000,0.000,0.000,0.000,0.000,0.000,0.000,0.000,1500,1500
4.342,0.259,-0.059,0.000,10.049,0.000,0.000,0.000,0.000,0.000,0.000,0.000,0.000,0.000,0.000,0.000,0.000,1500,1500
4.352,0.259,-0.059,0.000,10.049,0.000,0.000,0.000,0.000,0.000,0.000,0.000,0.000,0.000,0.000,0.000,0.000,1500,1500
4.362,0.259,-0.059,0.000,10.050,0.000,0.000,0.000,0.000,0.000,0.000,0.000,0.000,0.000,0.000,0.000,0.000,1500,1500
4.372,0.259,-0.059,0.000,10.050,0.000,0.000,0.000,0.000,0.000,0.000,0.000,0.000,0.000,0.000,0.000,0.000,1500,1500
4.382,0.259,-0.059,0.000,10.051,0.000,0.000,0.000,0.000,0.000,0.000,0.000,0.000,0.000,0.000,0.000,0.000,1500,1500
4.392,0.259,-0.059,0.000,10.051,0.000,0.000,0.000,0.000,0.000,0.000,0.000,0.000,0.000,0.000,0.000,0.000,1500,1500
4.402,0.259,-0.059,0.000,10.051,0.000,0.000,0.000,0.000,0.000,0.000,0.000,0.000,0.000,0.000,0.000,0.000,1500,1500
4.412,0.259,-0.059,0.000,10.051,0.000,0.000,0.000,0.000,0.000,0.000,0.000,0.000,0.000,0.000,0.000,0.000,1500,1500
4.422,0.259,-0.059,0.000,10.051,0.000,0.000,0.000,0.000,0.000,0.000,0.000,0.000,0.000,0.000,0.000,0.000,1500,1500
4.432,0.259,-0.059,0.000,10.051,0.000,0.000,0.000,0.000,0.000,0.000,0.000,0.000,0.000,0.000,0.000,0.000,1500,1500
4.442,0.259,-0.059,0.000,10.051,0.000,0.000,0.000,0.000,0.000,0.000,0.000,0.000,0.000,0.000,0.000,0.000,1500,1500
4.452,0.259,-0.059,0.000,10.052,0.000,0.000,0.000,0.000,0.000,0.000,0.000,0.000,0.000,0.000,0.000,0.000,1500,1500
4.462,0.259,-0.059,0.000,10.052,0.000,0.000,0.000,0.000,0.000,0.000,0.000,0.000,0.000,0.000,0.000,0.000,1500,1500
4.472,0.259,-0.059,0.000,10.052,0.000,0.000,0.000,0.000,0.000,0.000,0.000,0.000,0.000,0.000,0.000,0.000,1500,1500
4.482,0.259,-0.059,0.000,10.052,0.000,0.000,0.000,0.000,0.000,0.000,0.000,0.000,0.000,0.000,0.000,0.000,1500,1500
4.492,0.259,-0.059,0.000,10.052,0.000,0.000,0.000,0.000,0.000,0.000,0.000,0.000,0.000,0.000,0.000,0.000,1500,1500
4.502,0.259,-0.059,0.000,10.046,0.000,0.000,0.000,0.000,0.000,0.000,0.000,0.000,0.000,0.000,0.000,0.000,1500,1500
4.512,0.259,-0.059,0.000,10.041,0.000,0.000,0.000,0.000,0.000,0.000,0.000,0.000,0.000,0.000,0.000,0.000,1500,1500
4.522,0.259,-0.059,0.000,10.037,0.000,0.000,0.000,0.000,0.000,0.000,0.000,0.000,0.000,0.000,0.000,0.000,1500,1500
4.532,0.259,-0.059,0.000,10.034,0.000,0.000,0.000,0.000,0.000,0.000,0.000,0.000,0.000,0.000,0.000,0.000,1500,1500
4.542,0.259,-0.059,0.000,10.032,0.000,0.000,0.000,0.000,0.000,0.000,0.000,0.000,0.000,0.000,0.000,0.000,1500,1500
4.552,0.259,-0.059,0.000,10.030,0.000,0.000,0.000,0.000,0.000,0.000,0.000,0.000,0.000,0.000,0.000,0.000,1500,1500
4.562,0.259,-0.059,0.000,10.029,0.000,0.000,0.000,0.000,0.000,0.000,0.000,0.000,0.000,0.000,0.000,0.000,1500,1500
4.572,0.259,-0.059,0.000,10.027,0.000,0.000,0.000,0.000,0.000,0.000,0.000,0.000,0.000,0.000,0.000,0.000,1500,1500
4.582,0.259,-0.059,0.000,10.026,0.000,0.000,0.000,0.000,0.000,0.000,0.000,0.000,0.000,0.000,0.000,0.000,1500,1500
4.592,0.259,-0.059,0.000,10.026,0.000,0.000,0.000,0.000,0.000,0.000,0.000,0.000,0.000,0.000,0.000,0.000,1500,1500
4.602,0.259,-0.059,0.000,10.025,0.000,0.000,0.000,0.000,0.000,0.000,0.000,0.000,0.000,0.000,0.000,0.000,1500,1500
4.612,0.259,-0.059,0.000,10.024,0.000,0.000,0.000,0.000,0.000,0.000,0.000,0.000,0.000,0.000,0.000,0.000,1500,1500
4.622,0.259,-0.059,0.000,10.024,0.000,0.000,0.000,0.000,0.000,0.000,0.000,0.000,0.000,0.000,0.000,0.000,1500,1500
4.632,0.259,-0.059,0.000,10.024,0.000,0.000,0.000,0.000,0.000,0.000,0.000,0.000,0.000,0.000,0.000,0.000,1500,1500
4.642,0.259,-0.059,0.000,10.023,0.000,0.000,0.000,0.000,0.000,0.000,0.000,0.000,0.000,0.000,0.000,0.000,1500,1500
4.652,0.259,-0.059,0.000,10.023,0.000,0.000,0.000,0.000,0.000,0.000,0.000,0.000,0.000,0.000,0.000,0.000,1500,1500
4.662,0.259,-0.059,0.000,10.023,0.000,0.000,0.000,0.000,0.000,0.000,0.000,0.000,0.000,0.000,0.000,0.000,1500,1500
4.672,0.259,-0.059,0.000,10.023,0.000,0.000,0.000,0.000,0.000,0.000,0.000,0.000,0.000,0.000,0.000,0.000,1500,1500
4.682,0.259,-0.059,0.000,10.023,0.000,0.000,0.000,0.000,0.000,0.000,0.000,0.000,0.000,0.000,0.000,0.000,1500,1500
4.692,0.259,-0.059,0.000,10.023,0.000,0.000,0.000,0.000,0.000,0.000,0.000,0.000,0.000,0.000,0.000,0.000,1500,1500
4.702,0.259,-0.059,0.000,10.023,0.000,0.000,0.000,0.000,0.000,0.000,0.000,0.000,0.000,0.000,0.000,0.000,1500,1500
4.712,0.259,-0.059,0.000,10.023,0.000,0.000,0.000,0.000,0.000,0.000,0.000,0.000,0.000,0.000,0.000,0.000,1500,1500
4.722,0.259,-0.059,0.000,10.023,0.000,0.000,0.000,0.000,0.000,0.000,0.000,0.000,0.000,0.000,0.000,0.000,1500,1500
4.732,0.259,-0.059,0.000,10.023,0.000,0.000,0.000,0.000,0.000,0.000,0.000,0.000,0.000,0.000,0.000,0.000,1500,1500
4.742,0.259,-0.059,0.000,10.023,0.000,0.000,0.000,0.000,0.000,0.000,0.000,0.000,0.000,0.000,0.000,0.000,1500,1500
4.752,0.264,-0.064,0.000,10.021,0.000,0.000,0.000,0.000,0.000,0.000,0.000,0.000,0.000,0.000,0.000,0.000,1500,1500
4.762,0.264,-0.064,0.000,10.019,0.000,0.000,0.000,0.000,0.000,0.000,0.000,0.000,0.000,0.000,0.000,0.000,1500,1500
4.772,0.264,-0.064,0.000,10.018,0.000,0.000,0.000,0.000,0.000,0.000,0.000,0.000,0.000,0.000,0.000,0.000,1500,1500
4.782,0.264,-0.064,0.000,10.017,0.000,0.000,0.000,0.000,0.000,0.000,0.000,0.000,0.000,0.000,0.000,0.000,1500,1500
4.792,0.264,-0.064,0.000,10.016,0.000,0.000,0.000,0.000,0.000,0.000,0.000,0.000,0.000,0.000,0.000,0.000,1500,1500
4.802,0.264,-0.064,0.000,10.015,0.000,0.000,0.000,0.000,0.000,0.000,0.000,0.000,0.000,0.000,0.000,0.000,1500,1500
4.812,0.264,-0.064,0.000,10.015,0.000,0.000,0.000,0.000,0.000,0.000,0.000,0.000,0.000,0.000,0.000,0.000,1500,1500
4.822,0.264,-0.064,0.000,10.014,0.000,0.000,0.000,0.000,0.000,0.000,0.000,0.000,0.000,0.000,0.000,0.000,1500,1500
4.832,0.264,-0.064,0.000,10.014,0.000,0.000,0.000,0.000,0.000,0.000,0.000,0.000,0.000,0.000,0.000,0.000,1500,1500
4.842,0.264,-0.064,0.000,10.014,0.000,0.000,0.000,0.000,0.000,0.000,0.000,0.000,0.000,0.000,0.000,0.000,1500,1500
4.852,0.264,-0.064,0.000,10.013,0.000,0.000,0.000,0.000,0.000,0.000,0.000,0.000,0.000,0.000,0.000,0.000,1500,1500
4.862,0.264,-0.064,0.000,10.013,0.000,0.000,0.000,0.000,0.000,0.000,0.000,0.000,0.000,0.000,0.000,0.000,1500,1500
4.872,0.264,-0.064,0.000,10.013,0.000,0.000,0.000,0.000,0.000,0.000,0.000,0.000,0.000,0.000,0.000,0.000,1500,1500
4.882,0.264,-0.064,0.000,10.013,0.000,0.000,0.000,0.000,0.000,0.000,0.000,0.000,0.000,0.000,0.000,0.000,1500,1500
4.892,0.264,-0.064,0.000,10.013,0.000,0.000,0.000,0.000,0.000,0.000,0.000,0.000,0.000,0.000,0.000,0.000,1500,1500
4.902,0.264,-0.064,0.000,10.013,0.000,0.000,0.000,0.000,0.000,0.000,0.000,0.000,0.000,0.000,0.000,0.000,1500,1500
4.912,0.264,-0.064,0.000,10.013,0.000,0.000,0.000,0.000,0.000,0.000,0.000,0.000,0.000,0.000,0.000,0.000,1500,1500
4.922,0.264,-0.064,0.000,10.013,0.000,0.000,0.000,0.000,0.000,0.000,0.000,0.000,0.000,0.000,0.000,0.000,1500,1500
4.932,0.264,-0.064,0.000,10.013,0.000,0.000,0.000,0.000,0.000,0.000,0.000,0.000,0.000,0.000,0.000,0.000,1500,1500
4.942,0.264,-0.064,0.000,10.013,0.000,0.000,0.000,0.000,0.000,0.000,0.000,0.000,0.000,0.000,0.000,0.000,1500,1500
4.952,0.264,-0.064,0.000,10.013,0.000,0.000,0.000,0.000,0.000,0.000,0.000,0.000,0.000,0.000,0.000,0.000,1500,1500
4.962,0.264,-0.064,0.000,10.013,0.000,0.000,0.000,0.000,0.000,0.000,0.000,0.000,0.000,0.000,0.000,0.000,1500,1500
4.972,0.264,-0.064,0.000,10.013,0.000,0.000,0.000,0.000,0.000,0.000,0.000,0.000,0.000,0.000,0.000,0.000,1500,1500
4.982,0.264,-0.064,0.000,10.013,0.000,0.000,0.000,0.000,0.000,0.000,0.000,0.000,0.000,0.000,0.000,0.000,1500,1500
4.992,0.264,-0.064,0.000,10.013,0.000,0.000,0.000,0.000,0.000,0.000,0.000,0.000,0.000,0.000,0.000,0.000,1500,1500
5.002,0.263,-0.063,0.000,10.017,0.000,0.000,0.000,0.000,0.000,0.000,0.000,0.000,0.000,0.000,0.000,0.000,1500,1500
5.012,0.263,-0.063,0.000,10.020,0.000,0.000,0.000,0.000,0.000,0.000,0.000,0.000,0.000,0.000,0.000,0.000,1500,1500
5.022,0.263,-0.063,0.000,10.022,0.000,0.000,0.000,0.000,0.000,0.000,0.000,0.000,0.000,0.000,0.000,0.000,1500,1500
5.032,0.263,-0.063,0.000,10.024,0.000,0.000,0.000,0.000,0.000,0.000,0.000,0.000,0.000,0.000,0.000,0.000,1500,1500
5.042,0.263,-0.063,0.000,10.026,0.000,0.000,0.000,0.000,0.000,0.000,0.000,0.000,0.000,0.000,0.000,0.000,1500,1500
5.052,0.263,-0.063,0.000,10.027,0.000,0.000,0.000,0.000,0.000,0.000,0.000,0.000,0.000,0.000,0.000,0.000,1500,1500
5.062,0.263,-0.063,0.000,10.028,0.000,0.000,0.000,0.000,0.000,0.000,0.000,0.000,0.000,0.000,0.000,0.000,1500,1500
5.072,0.263,-0.063,0.000,10.029,0.000,0.000,0.000,0.000,0.000,0.000,0.000,0.000,0.000,0.000,0.000,0.000,1500,1500
5.082,0.263,-0.063,0.000,10.030,0.000,0.000,0.000,0.000,0.000,0.000,0.000,0.000,0.000,0.000,0.000,0.000,1500,1500
5.092,0.263,-0.063,0.000,10.030,0.000,0.000,0.000,0.000,0.000,0.000,0.000,0.000,0.000,0.000,0.000,0.000,1500,1500
5.102,0.263,-0.063,0.000,10.031,0.000,0.000,0.000,0.000,0.000,0.000,0.000,0.000,0.000,0.000,0.000,0.000,1500,1500
5.112,0.263,-0.063,0.000,10.031,0.000,0.000,0.000,0.000,0.000,0.000,0.000,0.000,0.000,0.000,0.000,0.000,1500,1500
5.122,0.263,-0.063,0.000,10.031,0.000,0.000,0.000,0.000,0.000,0.000,0.000,0.000,0.000,0.000,0.000,0.000,1500,1500
5.132,0.263,-0.063,0.000,10.031,0.000,0.000,0.000,0.000,0.000,0.000,0.000,0.000,0.000,0.000,0.000,0.000,1500,1500
5.142,0.263,-0.063,0.000,10.032,0.000,0.000,0.000,0.000,0.000,0.000,0.000,0.000,0.000,0.000,0.000,0.000,1500,1500
5.152,0.263,-0.063,0.000,10.032,0.000,0.000,0.000,0.000,0.000,0.000,0.000,0.000,0.000,0.000,0.000,0.000,1500,1500
5.162,0.263,-0.063,0.000,10.032,0.000,0.000,0.000,0.000,0.000,0.000,0.000,0.000,0.000,0.000,0.000,0.000,1500,1500
5.172,0.263,-0.063,0.000,10.032,0.000,0.000,0.000,0.000,0.000,0.000,0.000,0.000,0.000,0.000,0.000,0.000,1500,1500
5.182,0.263,-0.063,0.000,10.032,0.000,0.000,0.000,0.000,0.000,0.000,0.000,0.000,0.000,0.000,0.000,0.000,1500,1500
5.192,0.263,-0.063,0.000,10.032,0.000,0.000,0.000,0.000,0.000,0.000,0.000,0.000,0.000,0.000,0.000,0.000,1500,1500
5.202,0.263,-0.063,0.000,10.032,0.000,0.000,0.000,0.000,0.000,0.000,0.000,0.000,0.000,0.000,0.000,0.000,1500,1500
5.212,0.263,-0.063,0.000,10.032,0.000,0.000,0.000,0.000,0.000,0.000,0.000,0.000,0.000,0.000,0.000,0.000,1500,1500
5.222,0.263,-0.063,0.000,10.032,0.000,0.000,0.000,0.000,0.000,0.000,0.000,0.000,0.000,0.000,0.000,0.000,1500,1500
5.232,0.263,-0.063,0.000,10.032,0.000,0.000,0.000,0.000,0.000,0.000,0.000,0.000,0.000,0.000,0.000,0.000,1500,1500
5.242,0.263,-0.063,0.000,10.032,0.000,0.000,0.000,0.000,0.000,0.000,0.000,0.000,0.000,0.000,0.000,0.000,1500,1500
5.252,0.263,-0.063,0.000,10.036,0.000,0.000,0.000,0.000,0.000,0.000,0.000,0.000,0.000,0.000,0.000,0.000,1500,1500
5.262,0.263,-0.063,0.000,10.039,0.000,0.000,0.000,0.000,0.000,0.000,0.000,0.000,0.000,0.000,0.000,0.000,1500,1500
5.272,0.263,-0.063,0.000,10.042,0.000,0.000,0.000,0.000,0.000,0.000,0.000,0.000,0.000,0.000,0.000,0.000,1500,1500
5.282,0.263,-0.063,0.000,10.044,0.000,0.000,0.000,0.000,0.000,0.000,0.000,0.000,0.000,0.000,0.000,0.000,1500,1500
5.292,0.263,-0.063,0.000,10.045,0.000,0.000,0.000,0.000,0.000,0.000,0.000,0.000,0.000,0.000,0.000,0.000,1500,1500
5.302,0.263,-0.063,0.000,10.047,0.000,0.000,0.000,0.000,0.000,0.000,0.000,0.000,0.000,0.000,0.000,0.000,1500,1500
5.312,0.263,-0.063,0.000,10.048,0.000,0.000,0.000,0.000,0.000,0.000,0.000,0.000,0.000,0.000,0.000,0.000,1500,1500
5.322,0.263,-0.063,0.000,10.049,0.000,0.000,0.000,0.000,0.000,0.000,0.000,0.000,0.000,0.000,0.000,0.000,1500,1500
5.332,0.263,-0.063,0.000,10.049,0.000,0.000,0.000,0.000,0.000,0.000,0.000,0.000,0.000,0.000,0.000,0.000,1500,1500
5.342,0.263,-0.063,0.000,10.050,0.000,0.000,0.000,0.000,0.000,0.000,0.000,0.000,0.000,0.000,0.000,0.000,1500,1500
5.352,0.263,-0.063,0.000,10.050,0.000,0.000,0.000,0.000,0.000,0.000,0.000,0.000,0.000,0.000,0.000,0.000,1500,1500
5.362,0.263,-0.063,0.000,10.050,0.000,0.000,0.000,0.000,0.000,0.000,0.000,0.000,0.000,0.000,0.000,0.000,1500,1500
5.372,0.263,-0.063,0.000,10.051,0.000,0.000,0.000,0.000,0.000,0.000,0.000,0.000,0.000,0.000,0.000,0.000,1500,1500
5.382,0.263,-0.063,0.000,10.051,0.000,0.000,0.000,0.000,0.000,0.000,0.000,0.000,0.000,0.000,0.000,0.000,1500,1500
5.392,0.263,-0.063,0.000,10.051,0.000,0.000,0.000,0.000,0.000,0.000,0.000,0.000,0.000,0.000,0.000,0.000,1500,1500
5.402,0.263,-0.063,0.000,10.051,0.000,0.000,0.000,0.000,0.000,0.000,0.000,0.000,0.000,0.000,0.000,0.000,1500,1500
5.412,0.263,-0.063,0.000,10.051,0.000,0.000,0.000,0.000,0.000,0.000,0.000,0.000,0.000,0.000,0.000,0.000,1500,1500
5.422,0.263,-0.063,0.000,10.051,0.000,0.000,0.000,0.000,0.000,0.000,0.000,0.000,0.000,0.000,0.000,0.000,1500,1500
5.432,0.263,-0.063,0.000,10.052,0.000,0.000,0.000,0.000,0.000,0.000,0.000,0.000,0.000,0.000,0.000,0.000,1500,1500
5.442,0.263,-0.063,0.000,10.052,0.000,0.000,0.000,0.000,0.000,0.000,0.000,0.000,0.000,0.000,0.000,0.000,1500,1500
5.452,0.263,-0.063,0.000,10.052,0.000,0.000,0.000,0.000,0.000,0.000,0.000,0.000,0.000,0.000,0.000,0.000,1500,1500
5.462,0.263,-0.063,0.000,10.052,0.000,0.000,0.000,0.000,0.000,0.000,0.000,0.000,0.000,0.000,0.000,0.000,1500,1500
5.472,0.263,-0.063,0.000,10.052,0.000,0.000,0.000,0.000,0.000,0.000,0.000,0.000,0.000,0.000,0.000,0.000,1500,1500
5.482,0.263,-0.063,0.000,10.052,0.000,0.000,0.000,0.000,0.000,0.000,0.000,0.000,0.000,0.000,0.000,0.000,1500,1500
5.492,0.263,-0.063,0.000,10.052,0.000,0.000,0.000,0.000,0.000,0.000,0.000,0.000,0.000,0.000,0.000,0.000,1500,1500
5.502,0.260,-0.060,0.000,10.046,0.000,0.000,0.000,0.000,0.000,0.000,0.000,0.000,0.000,0.000,0.000,0.000,1500,1500
5.512,0.260,-0.060,0.000,10.041,0.000,0.000,0.000,0.000,0.000,0.000,0.000,0.000,0.000,0.000,0.000,0.000,1500,1500
5.522,0.260,-0.060,0.000,10.037,0.000,0.000,0.000,0.000,0.000,0.000,0.000,0.000,0.000,0.000,0.000,0.000,1500,1500
5.532,0.260,-0.060,0.000,10.034,0.000,0.000,0.000,0.000,0.000,0.000,0.000,0.000,0.000,0.000,0.000,0.000,1500,1500
5.542,0.260,-0.060,0.000,10.032,0.000,0.000,0.000,0.000,0.000,0.000,0.000,0.000,0.000,0.000,0.000,0.000,1500,1500
5.552,0.260,-0.060,0.000,10.030,0.000,0.000,0.000,0.000,0.000,0.000,0.000,0.000,0.000,0.000,0.000,0.000,1500,1500
5.562,0.260,-0.060,0.000,10.029,0.000,0.000,0.000,0.000,0.000,0.000,0.000,0.000,0.000,0.000,0.000,0.000,1500,1500
5.572,0.260,-0.060,0.000,10.027,0.000,0.000,0.000,0.000,0.000,0.000,0.000,0.000,0.000,0.000,0.000,0.000,1500,1500
5.582,0.260,-0.060,0.000,10.026,0.000,0.000,0.000,0.000,0.000,0.000,0.000,0.000,0.000,0.000,0.000,0.000,1500,1500
5.592,0.260,-0.060,0.000,10.026,0.000,0.000,0.000,0.000,0.000,0.000,0.000,0.000,0.000,0.000,0.000,0.000,1500,1500
5.602,0.260,-0.060,0.000,10.025,0.000,0.000,0.000,0.000,0.000,0.000,0.000,0.000,0.000,0.000,0.000,0.000,1500,1500
5.612,0.260,-0.060,0.000,10.024,0.000,0.000,0.000,0.000,0.000,0.000,0.000,0.000,0.000,0.000,0.000,0.000,1500,1500
5.622,0.260,-0.060,0.000,10.024,0.000,0.000,0.000,0.000,0.000,0.000,0.000,0.000,0.000,0.000,0.000,0.000,1500,1500
5.632,0.260,-0.060,0.000,10.024,0.000,0.000,0.000,0.000,0.000,0.000,0.000,0.000,0.000,0.000,0.000,0.000,1500,1500
5.642,0.260,-0.060,0.000,10.023,0.000,0.000,0.000,0.000,0.000,0.000,0.000,0.000,0.000,0.000,0.000,0.000,1500,1500
5.652,0.260,-0.060,0.000,10.023,0.000,0.000,0.000,0.000,0.000,0.000,0.000,0.000,0.000,0.000,0.000,0.000,1500,1500
5.662,0.260,-0.060,0.000,10.023,0.000,0.000,0.000,0.000,0.000,0.000,0.000,0.000,0.000,0.000,0.000,0.000,1500,1500
5.672,0.260,-0.060,0.000,10.023,0.000,0.000,0.000,0.000,0.000,0.000,0.000,0.000,0.000,0.000,0.000,0.000,1500,1500
5.682,0.260,-0.060,0.000,10.023,0.000,0.000,0.000,0.000,0.000,0.000,0.000,0.000,0.000,0.000,0.000,0.000,1500,1500
5.692,0.260,-0.060,0.000,10.023,0.000,0.000,0.000,0.000,0.000,0.000,0.000,0.000,0.000,0.000,0.000,0.000,1500,1500
5.702,0.260,-0.060,0.000,10.023,0.000,0.000,0.000,0.000,0.000,0.000,0.000,0.000,0.000,0.000,0.000,0.000,1500,1500
5.712,0.260,-0.060,0.000,10.023,0.000,0.000,0.000,0.000,0.000,0.000,0.000,0.000,0.000,0.000,0.000,0.000,1500,1500
5.722,0.260,-0.060,0.000,10.023,0.000,0.000,0.000,0.000,0.000,0.000,0.000,0.000,0.000,0.000,0.000,0.000,1500,1500
5.732,0.260,-0.060,0.000,10.023,0.000,0.000,0.000,0.000,0.000,0.000,0.000,0.000,0.000,0.000,0.000,0.000,1500,1500
5.742,0.260,-0.060,0.000,10.023,0.000,0.000,0.000,0.000,0.000,0.000,0.000,0.000,0.000,0.000,0.000,0.000,1500,1500
5.752,0.259,-0.059,0.000,10.022,0.000,0.000,0.000,0.000,0.000,0.000,0.000,0.000,0.000,0.000,0.000,0.000,1500,1500
5.762,0.259,-0.059,0.000,10.022,0.000,0.000,0.000,0.000,0.000,0.000,0.000,0.000,0.000,0.000,0.000,0.000,1500,1500
5.772,0.259,-0.059,0.000,10.022,0.000,0.000,0.000,0.000,0.000,0.000,0.000,0.000,0.000,0.000,0.000,0.000,1500,1500
5.782,0.259,-0.059,0.000,10.022,0.000,0.000,0.000,0.000,0.000,0.000,0.000,0.000,0.000,0.000,0.000,0.000,1500,1500
5.792,0.259,-0.059,0.000,10.022,0.000,0.000,0.000,0.000,0.000,0.000,0.000,0.000,0.000,0.000,0.000,0.000,1500,1500
5.802,0.259,-0.059,0.000,10.022,0.000,0.000,0.000,0.000,0.000,0.000,0.000,0.000,0.000,0.000,0.000,0.000,1500,1500
5.812,0.259,-0.059,0.000,10.022,0.000,0.000,0.000,0.000,0.000,0.000,0.000,0.000,0.000,0.000,0.000,0.000,1500,1500
5.822,0.259,-0.059,0.000,10.022,0.000,0.000,0.000,0.000,0.000,0.000,0.000,0.000,0.000,0.000,0.000,0.000,1500,1500
5.832,0.259,-0.059,0.000,10.022,0.000,0.000,0.000,0.000,0.000,0.000,0.000,0.000,0.000,0.000,0.000,0.000,1500,1500
5.842,0.259,-0.059,0.000,10.022,0.000,0.000,0.000,0.000,0.000,0.000,0.000,0.000,0.000,0.000,0.000,0.000,1500,1500
5.852,0.259,-0.059,0.000,10.022,0.000,0.000,0.000,0.000,0.000,0.000,0.000,0.000,0.000,0.000,0.000,0.000,1500,1500
5.862,0.259,-0.059,0.000,10.022,0.000,0.000,0.000,0.000,0.000,0.000,0.000,0.000,0.000,0.000,0.000,0.000,1500,1500
5.872,0.259,-0.059,0.000,10.022,0.000,0.000,0.000,0.000,0.000,0.000,0.000,0.000,0.000,0.000,0.000,0.000,1500,1500
5.882,0.259,-0.059,0.000,10.022,0.000,0.000,0.000,0.000,0.000,0.000,0.000,0.000,0.000,0.000,0.000,0.000,1500,1500
5.892,0.259,-0.059,0.000,10.022,0.000,0.000,0.000,0.000,0.000,0.000,0.000,0.000,0.000,0.000,0.000,0.000,1500,1500
5.902,0.259,-0.059,0.000,10.022,0.000,0.000,0.000,0.000,0.000,0.000,0.000,0.000,0.000,0.000,0.000,0.000,1500,1500
5.912,0.259,-0.059,0.000,10.022,0.000,0.000,0.000,0.000,0.000,0.000,0.000,0.000,0.000,0.000,0.000,0.000,1500,1500
5.922,0.259,-0.059,0.000,10.022,0.000,0.000,0.000,0.000,0.000,0.000,0.000,0.000,0.000,0.000,0.000,0.000,1500,1500
5.932,0.259,-0.059,0.000,10.022,0.000,0.000,0.000,0.000,0.000,0.000,0.000,0.000,0.000,0.000,0.000,0.000,1500,1500
5.942,0.259,-0.059,0.000,10.022,0.000,0.000,0.000,0.000,0.000,0.000,0.000,0.000,0.000,0.000,0.000,0.000,1500,1500
5.952,0.259,-0.059,0.000,10.022,0.000,0.000,0.000,0.000,0.000,0.000,0.000,0.000,0.000,0.000,0.000,0.000,1500,1500
5.962,0.259,-0.059,0.000,10.022,0.000,0.000,0.000,0.000,0.000,0.000,0.000,0.000,0.000,0.000,0.000,0.000,1500,1500
5.972,0.259,-0.059,0.000,10.022,0.000,0.000,0.000,0.000,0.000,0.000,0.000,0.000,0.000,0.000,0.000,0.000,1500,1500
5.982,0.259,-0.059,0.000,10.022,0.000,0.000,0.000,0.000,0.000,0.000,0.000,0.000,0.000,0.000,0.000,0.000,1500,1500
5.992,0.259,-0.059,0.000,10.022,0.000,0.000,0.000,0.000,0.000,0.000,0.000,0.000,0.000,0.000,0.000,0.000,1500,1500
6.002,0.260,-0.060,0.000,10.022,0.000,0.000,0.000,0.000,0.000,0.000,0.000,0.000,0.000,0.000,0.000,0.000,1500,1500
6.012,0.260,-0.060,0.000,10.022,0.000,0.000,0.000,0.000,0.000,0.000,0.000,0.000,0.000,0.000,0.000,0.000,1500,1500
6.022,0.260,-0.060,0.000,10.022,0.000,0.000,0.000,0.000,0.000,0.000,0.000,0.000,0.000,0.000,0.000,0.000,1500,1500
6.032,0.260,-0.060,0.000,10.022,0.000,0.000,0.000,0.000,0.000,0.000,0.000,0.000,0.000,0.000,0.000,0.000,1500,1500
6.042,0.260,-0.060,0.000,10.022,0.000,0.000,0.000,0.000,0.000,0.000,0.000,0.000,0.000,0.000,0.000,0.000,1500,1500
6.052,0.260,-0.060,0.000,10.022,0.000,0.000,0.000,0.000,0.000,0.000,0.000,0.000,0.000,0.000,0.000,0.000,1500,1500
6.062,0.260,-0.060,0.000,10.022,0.000,0.000,0.000,0.000,0.000,0.000,0.000,0.000,0.000,0.000,0.000,0.000,1500,1500
6.072,0.260,-0.060,0.000,10.022,0.000,0.000,0.000,0.000,0.000,0.000,0.000,0.000,0.000,0.000,0.000,0.000,1500,1500
6.082,0.260,-0.060,0.000,10.022,0.000,0.000,0.000,0.000,0.000,0.000,0.000,0.000,0.000,0.000,0.000,0.000,1500,1500
6.092,0.260,-0.060,0.000,10.022,0.000,0.000,0.000,0.000,0.000,0.000,0.000,0.000,0.000,0.000,0.000,0.000,1500,1500
6.102,0.260,-0.060,0.000,10.022,0.000,0.000,0.000,0.000,0.000,0.000,0.000,0.000,0.000,0.000,0.000,0.000,1500,1500
6.112,0.260,-0.060,0.000,10.022,0.000,0.000,0.000,0.000,0.000,0.000,0.000,0.000,0.000,0.000,0.000,0.000,1500,1500
6.122,0.260,-0.060,0.000,10.022,0.000,0.000,0.000,0.000,0.000,0.000,0.000,0.000,0.000,0.000,0.000,0.000,1500,1500
6.132,0.260,-0.060,0.000,10.022,0.000,0.000,0.000,0.000,0.000,0.000,0.000,0.000,0.000,0.000,0.000,0.000,1500,1500
6.142,0.260,-0.060,0.000,10.022,0.000,0.000,0.000,0.000,0.000,0.000,0.000,0.000,0.000,0.000,0.000,0.000,1500,1500
6.152,0.260,-0.060,0.000,10.022,0.000,0.000,0.000,0.000,0.000,0.000,0.000,0.000,0.000,0.000,0.000,0.000,1500,1500
6.162,0.260,-0.060,0.000,10.022,0.000,0.000,0.000,0.000,0.000,0.000,0.000,0.000,0.000,0.000,0.000,0.000,1500,1500
6.172,0.260,-0.060,0.000,10.022,0.000,0.000,0.000,0.000,0.000,0.000,0.000,0.000,0.000,0.000,0.000,0.000,1500,1500
6.182,0.260,-0.060,0.000,10.022,0.000,0.000,0.000,0.000,0.000,0.000,0.000,0.000,0.000,0.000,0.000,0.000,1500,1500
6.192,0.260,-0.060,0.000,10.022,0.000,0.000,0.000,0.000,0.000,0.000,0.000,0.000,0.000,0.000,0.000,0.000,1500,1500
6.202,0.260,-0.060,0.000,10.022,0.000,0.000,0.000,0.000,0.000,0.000,0.000,0.000,0.000,0.000,0.000,0.000,1500,1500
6.212,0.260,-0.060,0.000,10.022,0.000,0.000,0.000,0.000,0.000,0.000,0.000,0.000,0.000,0.000,0.000,0.000,1500,1500
6.222,0.260,-0.060,0.000,10.022,0.000,0.000,0.000,0.000,0.000,0.000,0.000,0.000,0.000,0.000,0.000,0.000,1500,1500
6.232,0.260,-0.060,0.000,10.022,0.000,0.000,0.000,0.000,0.000,0.000,0.000,0.000,0.000,0.000,0.000,0.000,1500,1500
6.242,0.260,-0.060,0.000,10.022,0.000,0.000,0.000,0.000,0.000,0.000,0.000,0.000,0.000,0.000,0.000,0.000,1500,1500
6.252,0.265,-0.065,0.000,10.022,0.000,0.000,0.000,0.000,0.000,0.000,0.000,0.000,0.000,0.000,0.000,0.000,1500,1500
6.262,0.265,-0.065,0.000,10.022,0.000,0.000,0.000,0.000,0.000,0.000,0.000,0.000,0.000,0.000,0.000,0.000,1500,1500
6.272,0.265,-0.065,0.000,10.022,0.000,0.000,0.000,0.000,0.000,0.000,0.000,0.000,0.000,0.000,0.000,0.000,1500,1500
6.282,0.265,-0.065,0.000,10.022,0.000,0.000,0.000,0.000,0.000,0.000,0.000,0.000,0.000,0.000,0.000,0.000,1500,1500
6.292,0.265,-0.065,0.000,10.022,0.000,0.000,0.000,0.000,0.000,0.000,0.000,0.000,0.000,0.000,0.000,0.000,1500,1500
6.302,0.265,-0.065,0.000,10.022,0.000,0.000,0.000,0.000,0.000,0.000,0.000,0.000,0.000,0.000,0.000,0.000,1500,1500
6.312,0.265,-0.065,0.000,10.022,0.000,0.000,0.000,0.000,0.000,0.000,0.000,0.000,0.000,0.000,0.000,0.000,1500,1500
6.322,0.265,-0.065,0.000,10.022,0.000,0.000,0.000,0.000,0.000,0.000,0.000,0.000,0.000,0.000,0.000,0.000,1500,1500
6.332,0.265,-0.065,0.000,10.022,0.000,0.000,0.000,0.000,0.000,0.000,0.000,0.000,0.000,0.000,0.000,0.000,1500,1500
6.342,0.265,-0.065,0.000,10.022,0.000,0.000,0.000,0.000,0.000,0.000,0.000,0.000,0.000,0.000,0.000,0.000,1500,1500
6.352,0.265,-0.065,0.000,10.022,0.000,0.000,0.000,0.000,0.000,0.000,0.000,0.000,0.000,0.000,0.000,0.000,1500,1500
6.362,0.265,-0.065,0.000,10.022,0.000,0.000,0.000,0.000,0.000,0.000,0.000,0.000,0.000,0.000,0.000,0.000,1500,1500
6.372,0.265,-0.065,0.000,10.022,0.000,0.000,0.000,0.000,0.000,0.000,0.000,0.000,0.000,0.000,0.000,0.000,1500,1500
6.382,0.265,-0.065,0.000,10.022,0.000,0.000,0.000,0.000,0.000,0.000,0.000,0.000,0.000,0.000,0.000,0.000,1500,1500
6.392,0.265,-0.065,0.000,10.022,0.000,0.000,0.000,0.000,0.000,0.000,0.000,0.000,0.000,0.000,0.000,0.000,1500,1500
6.402,0.265,-0.065,0.000,10.022,0.000,0.000,0.000,0.000,0.000,0.000,0.000,0.000,0.000,0.000,0.000,0.000,1500,1500
6.412,0.265,-0.065,0.000,10.022,0.000,0.000,0.000,0.000,0.000,0.000,0.000,0.000,0.000,0.000,0.000,0.000,1500,1500
6.422,0.265,-0.065,0.000,10.022,0.000,0.000,0.000,0.000,0.000,0.000,0.000,0.000,0.000,0.000,0.000,0.000,1500,1500
6.432,0.265,-0.065,0.000,10.022,0.000,0.000,0.000,0.000,0.000,0.000,0.000,0.000,0.000,0.000,0.000,0.000,1500,1500
6.442,0.265,-0.065,0.000,10.022,0.000,0.000,0.000,0.000,0.000,0.000,0.000,0.000,0.000,0.000,0.000,0.000,1500,1500
6.452,0.265,-0.065,0.000,10.022,0.000,0.000,0.000,0.000,0.000,0.000,0.000,0.000,0.000,0.000,0.000,0.000,1500,1500
6.462,0.265,-0.065,0.000,10.022,0.000,0.000,0.000,0.000,0.000,0.000,0.000,0.000,0.000,0.000,0.000,0.000,1500,1500
6.472,0.265,-0.065,0.000,10.022,0.000,0.000,0.000,0.000,0.000,0.000,0.000,0.000,0.000,0.000,0.000,0.000,1500,1500
6.482,0.265,-0.065,0.000,10.022,0.000,0.000,0.000,0.000,0.000,0.000,0.000,0.000,0.000,0.000,0.000,0.000,1500,1500
6.492,0.265,-0.065,0.000,10.022,0.000,0.000,0.000,0.000,0.000,0.000,0.000,0.000,0.000,0.000,0.000,0.000,1500,1500
6.502,0.263,-0.063,0.000,10.026,0.000,0.000,0.000,0.000,0.000,0.000,0.000,0.000,0.000,0.000,0.000,0.000,1500,1500
6.512,0.263,-0.063,0.000,10.029,0.000,0.000,0.000,0.000,0.000,0.000,0.000,0.000,0.000,0.000,0.000,0.000,1500,1500
6.522,0.263,-0.063,0.000,10.032,0.000,0.000,0.000,0.000,0.000,0.000,0.000,0.000,0.000,0.000,0.000,0.000,1500,1500
6.532,0.263,-0.063,0.000,10.034,0.000,0.000,0.000,0.000,0.000,0.000,0.000,0.000,0.000,0.000,0.000,0.000,1500,1500
6.542,0.263,-0.063,0.000,10.036,0.000,0.000,0.000,0.000,0.000,0.000,0.000,0.000,0.000,0.000,0.000,0.000,1500,1500
6.552,0.263,-0.063,0.000,10.037,0.000,0.000,0.000,0.000,0.000,0.000,0.000,0.000,0.000,0.000,0.000,0.000,1500,1500
6.562,0.263,-0.063,0.000,10.038,0.000,0.000,0.000,0.000,0.000,0.000,0.000,0.000,0.000,0.000,0.000,0.000,1500,1500
6.572,0.263,-0.063,0.000,10.039,0.000,0.000,0.000,0.000,0.000,0.000,0.000,0.000,0.000,0.000,0.000,0.000,1500,1500
6.582,0.263,-0.063,0.000,10.039,0.000,0.000,0.000,0.000,0.000,0.000,0.000,0.000,0.000,0.000,0.000,0.000,1500,1500
6.592,0.263,-0.063,0.000,10.040,0.000,0.000,0.000,0.000,0.000,0.000,0.000,0.000,0.000,0.000,0.000,0.000,1500,1500
6.602,0.263,-0.063,0.000,10.040,0.000,0.000,0.000,0.000,0.000,0.000,0.000,0.000,0.000,0.000,0.000,0.000,1500,1500
6.612,0.263,-0.063,0.000,10.041,0.000,0.000,0.000,0.000,0.000,0.000,0.000,0.000,0.000,0.000,0.000,0.000,1500,1500
6.622,0.263,-0.063,0.000,10.041,0.000,0.000,0.000,0.000,0.000,0.000,0.000,0.000,0.000,0.000,0.000,0.000,1500,1500
6.632,0.263,-0.063,0.000,10.041,0.000,0.000,0.000,0.000,0.000,0.000,0.000,0.000,0.000,0.000,0.000,0.000,1500,1500
6.642,0.263,-0.063,0.000,10.041,0.000,0.000,0.000,0.000,0.000,0.000,0.000,0.000,0.000,0.000,0.000,0.000,1500,1500
6.652,0.263,-0.063,0.000,10.041,0.000,0.000,0.000,0.000,0.000,0.000,0.000,0.000,0.000,0.000,0.000,0.000,1500,1500
6.662,0.263,-0.063,0.000,10.042,0.000,0.000,0.000,0.000,0.000,0.000,0.000,0.000,0.000,0.000,0.000,0.000,1500,1500
6.672,0.263,-0.063,0.000,10.042,0.000,0.000,0.000,0.000,0.000,0.000,0.000,0.000,0.000,0.000,0.000,0.000,1500,1500
6.682,0.263,-0.063,0.000,10.042,0.000,0.000,0.000,0.000,0.000,0.000,0.000,0.000,0.000,0.000,0.000,0.000,1500,1500
6.692,0.263,-0.063,0.000,10.042,0.000,0.000,0.000,0.000,0.000,0.000,0.000,0.000,0.000,0.000,0.000,0.000,1500,1500
6.702,0.263,-0.063,0.000,10.042,0.000,0.000,0.000,0.000,0.000,0.000,0.000,0.000,0.000,0.000,0.000,0.000,1500,1500
6.712,0.263,-0.063,0.000,10.042,0.000,0.000,0.000,0.000,0.000,0.000,0.000,0.000,0.000,0.000,0.000,0.000,1500,1500
6.722,0.263,-0.063,0.000,10.042,0.000,0.000,0.000,0.000,0.000,0.000,0.000,0.000,0.000,0.000,0.000,0.000,1500,1500
6.732,0.263,-0.063,0.000,10.042,0.000,0.000,0.000,0.000,0.000,0.000,0.000,0.000,0.000,0.000,0.000,0.000,1500,1500
6.742,0.263,-0.063,0.000,10.042,0.000,0.000,0.000,0.000,0.000,0.000,0.000,0.000,0.000,0.000,0.000,0.000,1500,1500
6.752,0.263,-0.063,0.000,10.044,0.000,0.000,0.000,0.000,0.000,0.000,0.000,0.000,0.000,0.000,0.000,0.000,1500,1500
6.762,0.263,-0.063,0.000,10.045,0.000,0.000,0.000,0.000,0.000,0.000,0.000,0.000,0.000,0.000,0.000,0.000,1500,1500
6.772,0.263,-0.063,0.000,10.047,0.000,0.000,0.000,0.000,0.000,0.000,0.000,0.000,0.000,0.000,0.000,0.000,1500,1500
6.782,0.263,-0.063,0.000,10.048,0.000,0.000,0.000,0.000,0.000,0.000,0.000,0.000,0.000,0.000,0.000,0.000,1500,1500
6.792,0.263,-0.063,0.000,10.049,0.000,0.000,0.000,0.000,0.000,0.000,0.000,0.000,0.000,0.000,0.000,0.000,1500,1500
6.802,0.263,-0.063,0.000,10.049,0.000,0.000,0.000,0.000,0.000,0.000,0.000,0.000,0.000,0.000,0.000,0.000,1500,1500
6.812,0.263,-0.063,0.000,10.050,0.000,0.000,0.000,0.000,0.000,0.000,0.000,0.000,0.000,0.000,0.000,0.000,1500,1500
6.822,0.263,-0.063,0.000,10.050,0.000,0.000,0.000,0.000,0.000,0.000,0.000,0.000,0.000,0.000,0.000,0.000,1500,1500
6.832,0.263,-0.063,0.000,10.050,0.000,0.000,0.000,0.000,0.000,0.000,0.000,0.000,0.000,0.000,0.000,0.000,1500,1500
6.842,0.263,-0.063,0.000,10.051,0.000,0.000,0.000,0.000,0.000,0.000,0.000,0.000,0.000,0.000,0.000,0.000,1500,1500
6.852,0.263,-0.063,0.000,10.051,0.000,0.000,0.000,0.000,0.000,0.000,0.000,0.000,0.000,0.000,0.000,0.000,1500,1500
6.862,0.263,-0.063,0.000,10.051,0.000,0.000,0.000,0.000,0.000,0.000,0.000,0.000,0.000,0.000,0.000,0.000,1500,1500
6.872,0.263,-0.063,0.000,10.051,0.000,0.000,0.000,0.000,0.000,0.000,0.000,0.000,0.000,0.000,0.000,0.000,1500,1500
6.882,0.263,-0.063,0.000,10.051,0.000,0.000,0.000,0.000,0.000,0.000,0.000,0.000,0.000,0.000,0.000,0.000,1500,1500
6.892,0.263,-0.063,0.000,10.051,0.000,0.000,0.000,0.000,0.000,0.000,0.000,0.000,0.000,0.000,0.000,0.000,1500,1500
6.902,0.263,-0.063,0.000,10.052,0.000,0.000,0.000,0.000,0.000,0.000,0.000,0.000,0.000,0.000,0.000,0.000,1500,1500
6.912,0.263,-0.063,0.000,10.052,0.000,0.000,0.000,0.000,0.000,0.000,0.000,0.000,0.000,0.000,0.000,0.000,1500,1500
6.922,0.263,-0.063,0.000,10.052,0.000,0.000,0.000,0.000,0.000,0.000,0.000,0.000,0.000,0.000,0.000,0.000,1500,1500
6.932,0.263,-0.063,0.000,10.052,0.000,0.000,0.000,0.000,0.000,0.000,0.000,0.000,0.000,0.000,0.000,0.000,1500,1500
6.942,0.263,-0.063,0.000,10.052,0.000,0.000,0.000,0.000,0.000,0.000,0.000,0.000,0.000,0.000,0.000,0.000,1500,1500
6.952,0.263,-0.063,0.000,10.052,0.000,0.000,0.000,0.000,0.000,0.000,0.000,0.000,0.000,0.000,0.000,0.000,1500,1500
6.962,0.263,-0.063,0.000,10.052,0.000,0.000,0.000,0.000,0.000,0.000,0.000,0.000,0.000,0.000,0.000,0.000,1500,1500
6.972,0.263,-0.063,0.000,10.052,0.000,0.000,0.000,0.000,0.000,0.000,0.000,0.000,0.000,0.000,0.000,0.000,1500,1500
6.982,0.263,-0.063,0.000,10.052,0.000,0.000,0.000,0.000,0.000,0.000,0.000,0.000,0.000,0.000,0.000,0.000,1500,1500
6.992,0.263,-0.063,0.000,10.052,0.000,0.000,0.000,0.000,0.000,0.000,0.000,0.000,0.000,0.000,0.000,0.000,1500,1500
7.002,0.261,-0.061,0.000,10.046,0.000,0.000,0.000,0.000,0.000,0.000,0.000,0.000,0.000,0.000,0.000,0.000,1500,1500
7.012,0.261,-0.061,0.000,10.041,0.000,0.000,0.000,0.000,0.000,0.000,0.000,0.000,0.000,0.000,0.000,0.000,1500,1500
7.022,0.261,-0.061,0.000,10.037,0.000,0.000,0.000,0.000,0.000,0.000,0.000,0.000,0.000,0.000,0.000,0.000,1500,1500
7.032,0.261,-0.061,0.000,10.034,0.000,0.000,0.000,0.000,0.000,0.000,0.000,0.000,0.000,0.000,0.000,0.000,1500,1500
7.042,0.261,-0.061,0.000,10.032,0.000,0.000,0.000,0.000,0.000,0.000,0.000,0.000,0.000,0.000,0.000,0.000,1500,1500
7.052,0.261,-0.061,0.000,10.030,0.000,0.000,0.000,0.000,0.000,0.000,0.000,0.000,0.000,0.000,0.000,0.000,1500,1500
7.062,0.261,-0.061,0.000,10.029,0.000,0.000,0.000,0.000,0.000,0.000,0.000,0.000,0.000,0.000,0.000,0.000,1500,1500
7.072,0.261,-0.061,0.000,10.027,0.000,0.000,0.000,0.000,0.000,0.000,0.000,0.000,0.000,0.000,0.000,0.000,1500,1500
7.082,0.261,-0.061,0.000,10.026,0.000,0.000,0.000,0.000,0.000,0.000,0.000,0.000,0.000,0.000,0.000,0.000,1500,1500
7.092,0.261,-0.061,0.000,10.026,0.000,0.000,0.000,0.000,0.000,0.000,0.000,0.000,0.000,0.000,0.000,0.000,1500,1500
7.102,0.261,-0.061,0.000,10.025,0.000,0.000,0.000,0.000,0.000,0.000,0.000,0.000,0.000,0.000,0.000,0.000,1500,1500
7.112,0.261,-0.061,0.000,10.024,0.000,0.000,0.000,0.000,0.000,0.000,0.000,0.000,0.000,0.000,0.000,0.000,1500,1500
7.122,0.261,-0.061,0.000,10.024,0.000,0.000,0.000,0.000,0.000,0.000,0.000,0.000,0.000,0.000,0.000,0.000,1500,1500
7.132,0.261,-0.061,0.000,10.024,0.000,0.000,0.000,0.000,0.000,0.000,0.000,0.000,0.000,0.000,0.000,0.000,1500,1500
7.142,0.261,-0.061,0.000,10.023,0.000,0.000,0.000,0.000,0.000,0.000,0.000,0.000,0.000,0.000,0.000,0.000,1500,1500
7.152,0.261,-0.061,0.000,10.023,0.000,0.000,0.000,0.000,0.000,0.000,0.000,0.000,0.000,0.000,0.000,0.000,1500,1500
7.162,0.261,-0.061,0.000,10.023,0.000,0.000,0.000,0.000,0.000,0.000,0.000,0.000,0.000,0.000,0.000,0.000,1500,1500
7.172,0.261,-0.061,0.000,10.023,0.000,0.000,0.000,0.000,0.000,0.000,0.000,0.000,0.000,0.000,0.000,0.000,1500,1500
7.182,0.261,-0.061,0.000,10.023,0.000,0.000,0.000,0.000,0.000,0.000,0.000,0.000,0.000,0.000,0.000,0.000,1500,1500
7.192,0.261,-0.061,0.000,10.023,0.000,0.000,0.000,0.000,0.000,0.000,0.000,0.000,0.000,0.000,0.000,0.000,1500,1500
7.202,0.261,-0.061,0.000,10.023,0.000,0.000,0.000,0.000,0.000,0.000,0.000,0.000,0.000,0.000,0.000,0.000,1500,1500
7.212,0.261,-0.061,0.000,10.023,0.000,0.000,0.000,0.000,0.000,0.000,0.000,0.000,0.000,0.000,0.000,0.000,1500,1500
7.222,0.261,-0.061,0.000,10.023,0.000,0.000,0.000,0.000,0.000,0.000,0.000,0.000,0.000,0.000,0.000,0.000,1500,1500
7.232,0.261,-0.061,0.000,10.023,0.000,0.000,0.000,0.000,0.000,0.000,0.000,0.000,0.000,0.000,0.000,0.000,1500,1500
7.242,0.261,-0.061,0.000,10.023,0.000,0.000,0.000,0.000,0.000,0.000,0.000,0.000,0.000,0.000,0.000,0.000,1500,1500
7.252,0.265,-0.065,0.000,10.022,0.000,0.000,0.000,0.000,0.000,0.000,0.000,0.000,0.000,0.000,0.000,0.000,1500,1500
7.262,0.265,-0.065,0.000,10.022,0.000,0.000,0.000,0.000,0.000,0.000,0.000,0.000,0.000,0.000,0.000,0.000,1500,1500
7.272,0.265,-0.065,0.000,10.022,0.000,0.000,0.000,0.000,0.000,0.000,0.000,0.000,0.000,0.000,0.000,0.000,1500,1500
7.282,0.265,-0.065,0.000,10.022,0.000,0.000,0.000,0.000,0.000,0.000,0.000,0.000,0.000,0.000,0.000,0.000,1500,1500
7.292,0.265,-0.065,0.000,10.022,0.000,0.000,0.000,0.000,0.000,0.000,0.000,0.000,0.000,0.000,0.000,0.000,1500,1500
7.302,0.265,-0.065,0.000,10.022,0.000,0.000,0.000,0.000,0.000,0.000,0.000,0.000,0.000,0.000,0.000,0.000,1500,1500
7.312,0.265,-0.065,0.000,10.022,0.000,0.000,0.000,0.000,0.000,0.000,0.000,0.000,0.000,0.000,0.000,0.000,1500,1500
7.322,0.265,-0.065,0.000,10.022,0.000,0.000,0.000,0.000,0.000,0.000,0.000,0.000,0.000,0.000,0.000,0.000,1500,1500
7.332,0.265,-0.065,0.000,10.022,0.000,0.000,0.000,0.000,0.000,0.000,0.000,0.000,0.000,0.000,0.000,0.000,1500,1500
7.342,0.265,-0.065,0.000,10.022,0.000,0.000,0.000,0.000,0.000,0.000,0.000,0.000,0.000,0.000,0.000,0.000,1500,1500
7.352,0.265,-0.065,0.000,10.022,0.000,0.000,0.000,0.000,0.000,0.000,0.000,0.000,0.000,0.000,0.000,0.000,1500,1500
7.362,0.265,-0.065,0.000,10.022,0.000,0.000,0.000,0.000,0.000,0.000,0.000,0.000,0.000,0.000,0.000,0.000,1500,1500
7.372,0.265,-0.065,0.000,10.022,0.000,0.000,0.000,0.000,0.000,0.000,0.000,0.000,0.000,0.000,0.000,0.000,1500,1500
7.382,0.265,-0.065,0.000,10.022,0.000,0.000,0.000,0.000,0.000,0.000,0.000,0.000,0.000,0.000,0.000,0.000,1500,1500
7.392,0.265,-0.065,0.000,10.022,0.000,0.000,0.000,0.000,0.000,0.000,0.000,0.000,0.000,0.000,0.000,0.000,1500,1500
7.402,0.265,-0.065,0.000,10.022,0.000,0.000,0.000,0.000,0.000,0.000,0.000,0.000,0.000,0.000,0.000,0.000,1500,1500
7.412,0.265,-0.065,0.000,10.022,0.000,0.000,0.000,0.000,0.000,0.000,0.000,0.000,0.000,0.000,0.000,0.000,1500,1500
7.422,0.265,-0.065,0.000,10.022,0.000,0.000,0.000,0.000,0.000,0.000,0.000,0.000,0.000,0.000,0.000,0.000,1500,1500
7.432,0.265,-0.065,0.000,10.022,0.000,0.000,0.000,0.000,0.000,0.000,0.000,0.000,0.000,0.000,0.000,0.000,1500,1500
7.442,0.265,-0.065,0.000,10.022,0.000,0.000,0.000,0.000,0.000,0.000,0.000,0.000,0.000,0.000,0.000,0.000,1500,1500
7.452,0.265,-0.065,0.000,10.022,0.000,0.000,0.000,0.000,0.000,0.000,0.000,0.000,0.000,0.000,0.000,0.000,1500,1500
7.462,0.265,-0.065,0.000,10.022,0.000,0.000,0.000,0.000,0.000,0.000,0.000,0.000,0.000,0.000,0.000,0.000,1500,1500
7.472,0.265,-0.065,0.000,10.022,0.000,0.000,0.000,0.000,0.000,0.000,0.000,0.000,0.000,0.000,0.000,0.000,1500,1500
7.482,0.265,-0.065,0.000,10.022,0.000,0.000,0.000,0.000,0.000,0.000,0.000,0.000,0.000,0.000,0.000,0.000,1500,1500
7.492,0.265,-0.065,0.000,10.022,0.000,0.000,0.000,0.000,0.000,0.000,0.000,0.000,0.000,0.000,0.000,0.000,1500,1500
7.502,0.261,-0.061,0.000,10.032,0.000,0.000,0.000,0.000,0.000,0.000,0.000,0.000,0.000,0.000,0.000,0.000,1500,1500
7.512,0.261,-0.061,0.000,10.040,0.000,0.000,0.000,0.000,0.000,0.000,0.000,0.000,0.000,0.000,0.000,0.000,1500,1500
7.522,0.261,-0.061,0.000,10.046,0.000,0.000,0.000,0.000,0.000,0.000,0.000,0.000,0.000,0.000,0.000,0.000,1500,1500
7.532,0.261,-0.061,0.000,10.051,0.000,0.000,0.000,0.000,0.000,0.000,0.000,0.000,0.000,0.000,0.000,0.000,1500,1500
7.542,0.261,-0.061,0.000,10.055,0.000,0.000,0.000,0.000,0.000,0.000,0.000,0.000,0.000,0.000,0.000,0.000,1500,1500
7.552,0.261,-0.061,0.000,10.059,0.000,0.000,0.000,0.000,0.000,0.000,0.000,0.000,0.000,0.000,0.000,0.000,1500,1500
7.562,0.261,-0.061,0.000,10.061,0.000,0.000,0.000,0.000,0.000,0.000,0.000,0.000,0.000,0.000,0.000,0.000,1500,1500
7.572,0.261,-0.061,0.000,10.063,0.000,0.000,0.000,0.000,0.000,0.000,0.000,0.000,0.000,0.000,0.000,0.000,1500,1500
7.582,0.261,-0.061,0.000,10.065,0.000,0.000,0.000,0.000,0.000,0.000,0.000,0.000,0.000,0.000,0.000,0.000,1500,1500
7.592,0.261,-0.061,0.000,10.066,0.000,0.000,0.000,0.000,0.000,0.000,0.000,0.000,0.000,0.000,0.000,0.000,1500,1500
7.602,0.261,-0.061,0.000,10.067,0.000,0.000,0.000,0.000,0.000,0.000,0.000,0.000,0.000,0.000,0.000,0.000,1500,1500
7.612,0.261,-0.061,0.000,10.068,0.000,0.000,0.000,0.000,0.000,0.000,0.000,0.000,0.000,0.000,0.000,0.000,1500,1500
7.622,0.261,-0.061,0.000,10.069,0.000,0.000,0.000,0.000,0.000,0.000,0.000,0.000,0.000,0.000,0.000,0.000,1500,1500
7.632,0.261,-0.061,0.000,10.069,0.000,0.000,0.000,0.000,0.000,0.000,0.000,0.000,0.000,0.000,0.000,0.000,1500,1500
7.642,0.261,-0.061,0.000,10.070,0.000,0.000,0.000,0.000,0.000,0.000,0.000,0.000,0.000,0.000,0.000,0.000,1500,1500
7.652,0.261,-0.061,0.000,10.070,0.000,0.000,0.000,0.000,0.000,0.000,0.000,0.000,0.000,0.000,0.000,0.000,1500,1500
7.662,0.261,-0.061,0.000,10.070,0.000,0.000,0.000,0.000,0.000,0.000,0.000,0.000,0.000,0.000,0.000,0.000,1500,1500
7.672,0.261,-0.061,0.000,10.071,0.000,0.000,0.000,0.000,0.000,0.000,0.000,0.000,0.000,0.000,0.000,0.000,1500,1500
7.682,0.261,-0.061,0.000,10.071,0.000,0.000,0.000,0.000,0.000,0.000,0.000,0.000,0.000,0.000,0.000,0.000,1500,1500
7.692,0.261,-0.061,0.000,10.071,0.000,0.000,0.000,0.000,0.000,0.000,0.000,0.000,0.000,0.000,0.000,0.000,1500,1500
7.702,0.261,-0.061,0.000,10.071,0.000,0.000,0.000,0.000,0.000,0.000,0.000,0.000,0.000,0.000,0.000,0.000,1500,1500
7.712,0.261,-0.061,0.000,10.071,0.000,0.000,0.000,0.000,0.000,0.000,0.000,0.000,0.000,0.000,0.000,0.000,1500,1500
7.722,0.261,-0.061,0.000,10.071,0.000,0.000,0.000,0.000,0.000,0.000,0.000,0.000,0.000,0.000,0.000,0.000,1500,1500
7.732,0.261,-0.061,0.000,10.071,0.000,0.000,0.000,0.000,0.000,0.000,0.000,0.000,0.000,0.000,0.000,0.000,1500,1500
7.742,0.261,-0.061,0.000,10.071,0.000,0.000,0.000,0.000,0.000,0.000,0.000,0.000,0.000,0.000,0.000,0.000,1500,1500
7.752,0.263,-0.063,0.000,10.061,0.000,0.000,0.000,0.000,0.000,0.000,0.000,0.000,0.000,0.000,0.000,0.000,1500,1500
7.762,0.263,-0.063,0.000,10.054,0.000,0.000,0.000,0.000,0.000,0.000,0.000,0.000,0.000,0.000,0.000,0.000,1500,1500
7.772,0.263,-0.063,0.000,10.047,0.000,0.000,0.000,0.000,0.000,0.000,0.000,0.000,0.000,0.000,0.000,0.000,1500,1500
7.782,0.263,-0.063,0.000,10.042,0.000,0.000,0.000,0.000,0.000,0.000,0.000,0.000,0.000,0.000,0.000,0.000,1500,1500
7.792,0.263,-0.063,0.000,10.038,0.000,0.000,0.000,0.000,0.000,0.000,0.000,0.000,0.000,0.000,0.000,0.000,1500,1500
7.802,0.263,-0.063,0.000,10.035,0.000,0.000,0.000,0.000,0.000,0.000,0.000,0.000,0.000,0.000,0.000,0.000,1500,1500
7.812,0.263,-0.063,0.000,10.033,0.000,0.000,0.000,0.000,0.000,0.000,0.000,0.000,0.000,0.000,0.000,0.000,1500,1500
7.822,0.263,-0.063,0.000,10.031,0.000,0.000,0.000,0.000,0.000,0.000,0.000,0.000,0.000,0.000,0.000,0.000,1500,1500
7.832,0.263,-0.063,0.000,10.029,0.000,0.000,0.000,0.000,0.000,0.000,0.000,0.000,0.000,0.000,0.000,0.000,1500,1500
7.842,0.263,-0.063,0.000,10.028,0.000,0.000,0.000,0.000,0.000,0.000,0.000,0.000,0.000,0.000,0.000,0.000,1500,1500
7.852,0.263,-0.063,0.000,10.027,0.000,0.000,0.000,0.000,0.000,0.000,0.000,0.000,0.000,0.000,0.000,0.000,1500,1500
7.862,0.263,-0.063,0.000,10.026,0.000,0.000,0.000,0.000,0.000,0.000,0.000,0.000,0.000,0.000,0.000,0.000,1500,1500
7.872,0.263,-0.063,0.000,10.025,0.000,0.000,0.000,0.000,0.000,0.000,0.000,0.000,0.000,0.000,0.000,0.000,1500,1500
7.882,0.263,-0.063,0.000,10.025,0.000,0.000,0.000,0.000,0.000,0.000,0.000,0.000,0.000,0.000,0.000,0.000,1500,1500
7.892,0.263,-0.063,0.000,10.024,0.000,0.000,0.000,0.000,0.000,0.000,0.000,0.000,0.000,0.000,0.000,0.000,1500,1500
7.902,0.263,-0.063,0.000,10.024,0.000,0.000,0.000,0.000,0.000,0.000,0.000,0.000,0.000,0.000,0.000,0.000,1500,1500
7.912,0.263,-0.063,0.000,10.023,0.000,0.000,0.000,0.000,0.000,0.000,0.000,0.000,0.000,0.000,0.000,0.000,1500,1500
7.922,0.263,-0.063,0.000,10.023,0.000,0.000,0.000,0.000,0.000,0.000,0.000,0.000,0.000,0.000,0.000,0.000,1500,1500
7.932,0.263,-0.063,0.000,10.023,0.000,0.000,0.000,0.000,0.000,0.000,0.000,0.000,0.000,0.000,0.000,0.000,1500,1500
7.942,0.263,-0.063,0.000,10.023,0.000,0.000,0.000,0.000,0.000,0.000,0.000,0.000,0.000,0.000,0.000,0.000,1500,1500
7.952,0.263,-0.063,0.000,10.023,0.000,0.000,0.000,0.000,0.000,0.000,0.000,0.000,0.000,0.000,0.000,0.000,1500,1500
7.962,0.263,-0.063,0.000,10.023,0.000,0.000,0.000,0.000,0.000,0.000,0.000,0.000,0.000,0.000,0.000,0.000,1500,1500
7.972,0.263,-0.063,0.000,10.023,0.000,0.000,0.000,0.000,0.000,0.000,0.000,0.000,0.000,0.000,0.000,0.000,1500,1500
7.982,0.263,-0.063,0.000,10.023,0.000,0.000,0.000,0.000,0.000,0.000,0.000,0.000,0.000,0.000,0.000,0.000,1500,1500
7.992,0.263,-0.063,0.000,10.023,0.000,0.000,0.000,0.000,0.000,0.000,0.000,0.000,0.000,0.000,0.000,0.000,1500,1500
8.002,0.262,-0.062,0.000,10.021,0.000,0.000,0.000,0.000,0.000,0.000,0.000,0.000,0.000,0.000,0.000,0.000,1500,1500
8.012,0.262,-0.062,0.000,10.019,0.000,0.000,0.000,0.000,0.000,0.000,0.000,0.000,0.000,0.000,0.000,0.000,1500,1500
8.022,0.262,-0.062,0.000,10.018,0.000,0.000,0.000,0.000,0.000,0.000,0.000,0.000,0.000,0.000,0.000,0.000,1500,1500
8.032,0.262,-0.062,0.000,10.017,0.000,0.000,0.000,0.000,0.000,0.000,0.000,0.000,0.000,0.000,0.000,0.000,1500,1500
8.042,0.262,-0.062,0.000,10.016,0.000,0.000,0.000,0.000,0.000,0.000,0.000,0.000,0.000,0.000,0.000,0.000,1500,1500
8.052,0.262,-0.062,0.000,10.015,0.000,0.000,0.000,0.000,0.000,0.000,0.000,0.000,0.000,0.000,0.000,0.000,1500,1500
8.062,0.262,-0.062,0.000,10.015,0.000,0.000,0.000,0.000,0.000,0.000,0.000,0.000,0.000,0.000,0.000,0.000,1500,1500
8.072,0.262,-0.062,0.000,10.014,0.000,0.000,0.000,0.000,0.000,0.000,0.000,0.000,0.000,0.000,0.000,0.000,1500,1500
8.082,0.262,-0.062,0.000,10.014,0.000,0.000,0.000,0.000,0.000,0.000,0.000,0.000,0.000,0.000,0.000,0.000,1500,1500
8.092,0.262,-0.062,0.000,10.014,0.000,0.000,0.000,0.000,0.000,0.000,0.000,0.000,0.000,0.000,0.000,0.000,1500,1500
8.102,0.262,-0.062,0.000,10.013,0.000,0.000,0.000,0.000,0.000,0.000,0.000,0.000,0.000,0.000,0.000,0.000,1500,1500
8.112,0.262,-0.062,0.000,10.013,0.000,0.000,0.000,0.000,0.000,0.000,0.000,0.000,0.000,0.000,0.000,0.000,1500,1500
8.122,0.262,-0.062,0.000,10.013,0.000,0.000,0.000,0.000,0.000,0.000,0.000,0.000,0.000,0.000,0.000,0.000,1500,1500
8.132,0.262,-0.062,0.000,10.013,0.000,0.000,0.000,0.000,0.000,0.000,0.000,0.000,0.000,0.000,0.000,0.000,1500,1500
8.142,0.262,-0.062,0.000,10.013,0.000,0.000,0.000,0.000,0.000,0.000,0.000,0.000,0.000,0.000,0.000,0.000,1500,1500
8.152,0.262,-0.062,0.000,10.013,0.000,0.000,0.000,0.000,0.000,0.000,0.000,0.000,0.000,0.000,0.000,0.000,1500,1500
8.162,0.262,-0.062,0.000,10.013,0.000,0.000,0.000,0.000,0.000,0.000,0.000,0.000,0.000,0.000,0.000,0.000,1500,1500
8.172,0.262,-0.062,0.000,10.013,0.000,0.000,0.000,0.000,0.000,0.000,0.000,0.000,0.000,0.000,0.000,0.000,1500,1500
8.182,0.262,-0.062,0.000,10.013,0.000,0.000,0.000,0.000,0.000,0.000,0.000,0.000,0.000,0.000,0.000,0.000,1500,1500
8.192,0.262,-0.062,0.000,10.013,0.000,0.000,0.000,0.000,0.000,0.000,0.000,0.000,0.000,0.000,0.000,0.000,1500,1500
8.202,0.262,-0.062,0.000,10.013,0.000,0.000,0.000,0.000,0.000,0.000,0.000,0.000,0.000,0.000,0.000,0.000,1500,1500
8.212,0.262,-0.062,0.000,10.013,0.000,0.000,0.000,0.000,0.000,0.000,0.000,0.000,0.000,0.000,0.000,0.000,1500,1500
8.222,0.262,-0.062,0.000,10.013,0.000,0.000,0.000,0.000,0.000,0.000,0.000,0.000,0.000,0.000,0.000,0.000,1500,1500
8.232,0.262,-0.062,0.000,10.013,0.000,0.000,0.000,0.000,0.000,0.000,0.000,0.000,0.000,0.000,0.000,0.000,1500,1500
8.242,0.262,-0.062,0.000,10.013,0.000,0.000,0.000,0.000,0.000,0.000,0.000,0.000,0.000,0.000,0.000,0.000,1500,1500
8.252,0.259,-0.059,0.000,10.017,0.000,0.000,0.000,0.000,0.000,0.000,0.000,0.000,0.000,0.000,0.000,0.000,1500,1500
8.262,0.259,-0.059,0.000,10.020,0.000,0.000,0.000,0.000,0.000,0.000,0.000,0.000,0.000,0.000,0.000,0.000,1500,1500
8.272,0.259,-0.059,0.000,10.022,0.000,0.000,0.000,0.000,0.000,0.000,0.000,0.000,0.000,0.000,0.000,0.000,1500,1500
8.282,0.259,-0.059,0.000,10.024,0.000,0.000,0.000,0.000,0.000,0.000,0.000,0.000,0.000,0.000,0.000,0.000,1500,1500
8.292,0.259,-0.059,0.000,10.026,0.000,0.000,0.000,0.000,0.000,0.000,0.000,0.000,0.000,0.000,0.000,0.000,1500,1500
8.302,0.259,-0.059,0.000,10.027,0.000,0.000,0.000,0.000,0.000,0.000,0.000,0.000,0.000,0.000,0.000,0.000,1500,1500
8.312,0.259,-0.059,0.000,10.028,0.000,0.000,0.000,0.000,0.000,0.000,0.000,0.000,0.000,0.000,0.000,0.000,1500,1500
8.322,0.259,-0.059,0.000,10.029,0.000,0.000,0.000,0.000,0.000,0.000,0.000,0.000,0.000,0.000,0.000,0.000,1500,1500
8.332,0.259,-0.059,0.000,10.030,0.000,0.000,0.000,0.000,0.000,0.000,0.000,0.000,0.000,0.000,0.000,0.000,1500,1500
8.342,0.259,-0.059,0.000,10.030,0.000,0.000,0.000,0.000,0.000,0.000,0.000,0.000,0.000,0.000,0.000,0.000,1500,1500
8.352,0.259,-0.059,0.000,10.031,0.000,0.000,0.000,0.000,0.000,0.000,0.000,0.000,0.000,0.000,0.000,0.000,1500,1500
8.362,0.259,-0.059,0.000,10.031,0.000,0.000,0.000,0.000,0.000,0.000,0.000,0.000,0.000,0.000,0.000,0.000,1500,1500
8.372,0.259,-0.059,0.000,10.031,0.000,0.000,0.000,0.000,0.000,0.000,0.000,0.000,0.000,0.000,0.000,0.000,1500,1500
8.382,0.259,-0.059,0.000,10.031,0.000,0.000,0.000,0.000,0.000,0.000,0.000,0.000,0.000,0.000,0.000,0.000,1500,1500
8.392,0.259,-0.059,0.000,10.032,0.000,0.000,0.000,0.000,0.000,0.000,0.000,0.000,0.000,0.000,0.000,0.000,1500,1500
8.402,0.259,-0.059,0.000,10.032,0.000,0.000,0.000,0.000,0.000,0.000,0.000,0.000,0.000,0.000,0.000,0.000,1500,1500
8.412,0.259,-0.059,0.000,10.032,0.000,0.000,0.000,0.000,0.000,0.000,0.000,0.000,0.000,0.000,0.000,0.000,1500,1500
8.422,0.259,-0.059,0.000,10.032,0.000,0.000,0.000,0.000,0.000,0.000,0.000,0.000,0.000,0.000,0.000,0.000,1500,1500
8.432,0.259,-0.059,0.000,10.032,0.000,0.000,0.000,0.000,0.000,0.000,0.000,0.000,0.000,0.000,0.000,0.000,1500,1500
8.442,0.259,-0.059,0.000,10.032,0.000,0.000,0.000,0.000,0.000,0.000,0.000,0.000,0.000,0.000,0.000,0.000,1500,1500
8.452,0.259,-0.059,0.000,10.032,0.000,0.000,0.000,0.000,0.000,0.000,0.000,0.000,0.000,0.000,0.000,0.000,1500,1500
8.462,0.259,-0.059,0.000,10.032,0.000,0.000,0.000,0.000,0.000,0.000,0.000,0.000,0.000,0.000,0.000,0.000,1500,1500
8.472,0.259,-0.059,0.000,10.032,0.000,0.000,0.000,0.000,0.000,0.000,0.000,0.000,0.000,0.000,0.000,0.000,1500,1500
8.482,0.259,-0.059,0.000,10.032,0.000,0.000,0.000,0.000,0.000,0.000,0.000,0.000,0.000,0.000,0.000,0.000,1500,1500
8.492,0.259,-0.059,0.000,10.032,0.000,0.000,0.000,0.000,0.000,0.000,0.000,0.000,0.000,0.000,0.000,0.000,1500,1500
8.502,0.263,-0.063,0.000,10.032,0.000,0.000,0.000,0.000,0.000,0.000,0.000,0.000,0.000,0.000,0.000,0.000,1500,1500
8.512,0.263,-0.063,0.000,10.032,0.000,0.000,0.000,0.000,0.000,0.000,0.000,0.000,0.000,0.000,0.000,0.000,1500,1500
8.522,0.263,-0.063,0.000,10.032,0.000,0.000,0.000,0.000,0.000,0.000,0.000,0.000,0.000,0.000,0.000,0.000,1500,1500
8.532,0.263,-0.063,0.000,10.032,0.000,0.000,0.000,0.000,0.000,0.000,0.000,0.000,0.000,0.000,0.000,0.000,1500,1500
8.542,0.263,-0.063,0.000,10.032,0.000,0.000,0.000,0.000,0.000,0.000,0.000,0.000,0.000,0.000,0.000,0.000,1500,1500
8.552,0.263,-0.063,0.000,10.032,0.000,0.000,0.000,0.000,0.000,0.000,0.000,0.000,0.000,0.000,0.000,0.000,1500,1500
8.562,0.263,-0.063,0.000,10.032,0.000,0.000,0.000,0.000,0.000,0.000,0.000,0.000,0.000,0.000,0.000,0.000,1500,1500
8.572,0.263,-0.063,0.000,10.032,0.000,0.000,0.000,0.000,0.000,0.000,0.000,0.000,0.000,0.000,0.000,0.000,1500,1500
8.582,0.263,-0.063,0.000,10.032,0.000,0.000,0.000,0.000,0.000,0.000,0.000,0.000,0.000,0.000,0.000,0.000,1500,1500
8.592,0.263,-0.063,0.000,10.032,0.000,0.000,0.000,0.000,0.000,0.000,0.000,0.000,0.000,0.000,0.000,0.000,1500,1500
8.602,0.263,-0.063,0.000,10.032,0.000,0.000,0.000,0.000,0.000,0.000,0.000,0.000,0.000,0.000,0.000,0.000,1500,1500
8.612,0.263,-0.063,0.000,10.032,0.000,0.000,0.000,0.000,0.000,0.000,0.000,0.000,0.000,0.000,0.000,0.000,1500,1500
8.622,0.263,-0.063,0.000,10.032,0.000,0.000,0.000,0.000,0.000,0.000,0.000,0.000,0.000,0.000,0.000,0.000,1500,1500
8.632,0.263,-0.063,0.000,10.032,0.000,0.000,0.000,0.000,0.000,0.000,0.000,0.000,0.000,0.000,0.000,0.000,1500,1500
8.642,0.263,-0.063,0.000,10.032,0.000,0.000,0.000,0.000,0.000,0.000,0.000,0.000,0.000,0.000,0.000,0.000,1500,1500
8.652,0.263,-0.063,0.000,10.032,0.000,0.000,0.000,0.000,0.000,0.000,0.000,0.000,0.000,0.000,0.000,0.000,1500,1500
8.662,0.263,-0.063,0.000,10.032,0.000,0.000,0.000,0.000,0.000,0.000,0.000,0.000,0.000,0.000,0.000,0.000,1500,1500
8.672,0.263,-0.063,0.000,10.032,0.000,0.000,0.000,0.000,0.000,0.000,0.000,0.000,0.000,0.000,0.000,0.000,1500,1500
8.682,0.263,-0.063,0.000,10.032,0.000,0.000,0.000,0.000,0.000,0.000,0.000,0.000,0.000,0.000,0.000,0.000,1500,1500
8.692,0.263,-0.063,0.000,10.032,0.000,0.000,0.000,0.000,0.000,0.000,0.000,0.000,0.000,0.000,0.000,0.000,1500,1500
8.702,0.263,-0.063,0.000,10.032,0.000,0.000,0.000,0.000,0.000,0.000,0.000,0.000,0.000,0.000,0.000,0.000,1500,1500
8.712,0.263,-0.063,0.000,10.032,0.000,0.000,0.000,0.000,0.000,0.000,0.000,0.000,0.000,0.000,0.000,0.000,1500,1500
8.722,0.263,-0.063,0.000,10.032,0.000,0.000,0.000,0.000,0.000,0.000,0.000,0.000,0.000,0.000,0.000,0.000,1500,1500
8.732,0.263,-0.063,0.000,10.032,0.000,0.000,0.000,0.000,0.000,0.000,0.000,0.000,0.000,0.000,0.000,0.000,1500,1500
8.742,0.263,-0.063,0.000,10.032,0.000,0.000,0.000,0.000,0.000,0.000,0.000,0.000,0.000,0.000,0.000,0.000,1500,1500
8.752,0.260,-0.060,0.000,10.026,0.000,0.000,0.000,0.000,0.000,0.000,0.000,0.000,0.000,0.000,0.000,0.000,1500,1500
8.762,0.260,-0.060,0.000,10.022,0.000,0.000,0.000,0.000,0.000,0.000,0.000,0.000,0.000,0.000,0.000,0.000,1500,1500
8.772,0.260,-0.060,0.000,10.018,0.000,0.000,0.000,0.000,0.000,0.000,0.000,0.000,0.000,0.000,0.000,0.000,1500,1500
8.782,0.260,-0.060,0.000,10.015,0.000,0.000,0.000,0.000,0.000,0.000,0.000,0.000,0.000,0.000,0.000,0.000,1500,1500
8.792,0.260,-0.060,0.000,10.012,0.000,0.000,0.000,0.000,0.000,0.000,0.000,0.000,0.000,0.000,0.000,0.000,1500,1500
8.802,0.260,-0.060,0.000,10.010,0.000,0.000,0.000,0.000,0.000,0.000,0.000,0.000,0.000,0.000,0.000,0.000,1500,1500
8.812,0.260,-0.060,0.000,10.009,0.000,0.000,0.000,0.000,0.000,0.000,0.000,0.000,0.000,0.000,0.000,0.000,1500,1500
8.822,0.260,-0.060,0.000,10.008,0.000,0.000,0.000,0.000,0.000,0.000,0.000,0.000,0.000,0.000,0.000,0.000,1500,1500
8.832,0.260,-0.060,0.000,10.007,0.000,0.000,0.000,0.000,0.000,0.000,0.000,0.000,0.000,0.000,0.000,0.000,1500,1500
8.842,0.260,-0.060,0.000,10.006,0.000,0.000,0.000,0.000,0.000,0.000,0.000,0.000,0.000,0.000,0.000,0.000,1500,1500
8.852,0.260,-0.060,0.000,10.005,0.000,0.000,0.000,0.000,0.000,0.000,0.000,0.000,0.000,0.000,0.000,0.000,1500,1500
8.862,0.260,-0.060,0.000,10.005,0.000,0.000,0.000,0.000,0.000,0.000,0.000,0.000,0.000,0.000,0.000,0.000,1500,1500
8.872,0.260,-0.060,0.000,10.004,0.000,0.000,0.000,0.000,0.000,0.000,0.000,0.000,0.000,0.000,0.000,0.000,1500,1500
8.882,0.260,-0.060,0.000,10.004,0.000,0.000,0.000,0.000,0.000,0.000,0.000,0.000,0.000,0.000,0.000,0.000,1500,1500
8.892,0.260,-0.060,0.000,10.004,0.000,0.000,0.000,0.000,0.000,0.000,0.000,0.000,0.000,0.000,0.000,0.000,1500,1500
8.902,0.260,-0.060,0.000,10.004,0.000,0.000,0.000,0.000,0.000,0.000,0.000,0.000,0.000,0.000,0.000,0.000,1500,1500
8.912,0.260,-0.060,0.000,10.003,0.000,0.000,0.000,0.000,0.000,0.000,0.000,0.000,0.000,0.000,0.000,0.000,1500,1500
8.922,0.260,-0.060,0.000,10.003,0.000,0.000,0.000,0.000,0.000,0.000,0.000,0.000,0.000,0.000,0.000,0.000,1500,1500
8.932,0.260,-0.060,0.000,10.003,0.000,0.000,0.000,0.000,0.000,0.000,0.000,0.000,0.000,0.000,0.000,0.000,1500,1500
8.942,0.260,-0.060,0.000,10.003,0.000,0.000,0.000,0.000,0.000,0.000,0.000,0.000,0.000,0.000,0.000,0.000,1500,1500
8.952,0.260,-0.060,0.000,10.003,0.000,0.000,0.000,0.000,0.000,0.000,0.000,0.000,0.000,0.000,0.000,0.000,1500,1500
8.962,0.260,-0.060,0.000,10.003,0.000,0.000,0.000,0.000,0.000,0.000,0.000,0.000,0.000,0.000,0.000,0.000,1500,1500
8.972,0.260,-0.060,0.000,10.003,0.000,0.000,0.000,0.000,0.000,0.000,0.000,0.000,0.000,0.000,0.000,0.000,1500,1500
8.982,0.260,-0.060,0.000,10.003,0.000,0.000,0.000,0.000,0.000,0.000,0.000,0.000,0.000,0.000,0.000,0.000,1500,1500
8.992,0.260,-0.060,0.000,10.003,0.000,0.000,0.000,0.000,0.000,0.000,0.000,0.000,0.000,0.000,0.000,0.000,1500,1500
9.002,0.264,-0.064,0.000,10.007,0.000,0.000,0.000,0.000,0.000,0.000,0.000,0.000,0.000,0.000,0.000,0.000,1500,1500
9.012,0.264,-0.064,0.000,10.010,0.000,0.000,0.000,0.000,0.000,0.000,0.000,0.000,0.000,0.000,0.000,0.000,1500,1500
9.022,0.264,-0.064,0.000,10.012,0.000,0.000,0.000,0.000,0.000,0.000,0.000,0.000,0.000,0.000,0.000,0.000,1500,1500
9.032,0.264,-0.064,0.000,10.014,0.000,0.000,0.000,0.000,0.000,0.000,0.000,0.000,0.000,0.000,0.000,0.000,1500,1500
9.042,0.264,-0.064,0.000,10.016,0.000,0.000,0.000,0.000,0.000,0.000,0.000,0.000,0.000,0.000,0.000,0.000,1500,1500
9.052,0.264,-0.064,0.000,10.017,0.000,0.000,0.000,0.000,0.000,0.000,0.000,0.000,0.000,0.000,0.000,0.000,1500,1500
9.062,0.264,-0.064,0.000,10.018,0.000,0.000,0.000,0.000,0.000,0.000,0.000,0.000,0.000,0.000,0.000,0.000,1500,1500
9.072,0.264,-0.064,0.000,10.019,0.000,0.000,0.000,0.000,0.000,0.000,0.000,0.000,0.000,0.000,0.000,0.000,1500,1500
9.082,0.264,-0.064,0.000,10.020,0.000,0.000,0.000,0.000,0.000,0.000,0.000,0.000,0.000,0.000,0.000,0.000,1500,1500
9.092,0.264,-0.064,0.000,10.020,0.000,0.000,0.000,0.000,0.000,0.000,0.000,0.000,0.000,0.000,0.000,0.000,1500,1500
9.102,0.264,-0.064,0.000,10.021,0.000,0.000,0.000,0.000,0.000,0.000,0.000,0.000,0.000,0.000,0.000,0.000,1500,1500
9.112,0.264,-0.064,0.000,10.021,0.000,0.000,0.000,0.000,0.000,0.000,0.000,0.000,0.000,0.000,0.000,0.000,1500,1500
9.122,0.264,-0.064,0.000,10.021,0.000,0.000,0.000,0.000,0.000,0.000,0.000,0.000,0.000,0.000,0.000,0.000,1500,1500
9.132,0.264,-0.064,0.000,10.022,0.000,0.000,0.000,0.000,0.000,0.000,0.000,0.000,0.000,0.000,0.000,0.000,1500,1500
9.142,0.264,-0.064,0.000,10.022,0.000,0.000,0.000,0.000,0.000,0.000,0.000,0.000,0.000,0.000,0.000,0.000,1500,1500
9.152,0.264,-0.064,0.000,10.022,0.000,0.000,0.000,0.000,0.000,0.000,0.000,0.000,0.000,0.000,0.000,0.000,1500,1500
9.162,0.264,-0.064,0.000,10.022,0.000,0.000,0.000,0.000,0.000,0.000,0.000,0.000,0.000,0.000,0.000,0.000,1500,1500
9.172,0.264,-0.064,0.000,10.022,0.000,0.000,0.000,0.000,0.000,0.000,0.000,0.000,0.000,0.000,0.000,0.000,1500,1500
9.182,0.264,-0.064,0.000,10.022,0.000,0.000,0.000,0.000,0.000,0.000,0.000,0.000,0.000,0.000,0.000,0.000,1500,1500
9.192,0.264,-0.064,0.000,10.022,0.000,0.000,0.000,0.000,0.000,0.000,0.000,0.000,0.000,0.000,0.000,0.000,1500,1500
9.202,0.264,-0.064,0.000,10.022,0.000,0.000,0.000,0.000,0.000,0.000,0.000,0.000,0.000,0.000,0.000,0.000,1500,1500
9.212,0.264,-0.064,0.000,10.022,0.000,0.000,0.000,0.000,0.000,0.000,0.000,0.000,0.000,0.000,0.000,0.000,1500,1500
9.222,0.264,-0.064,0.000,10.022,0.000,0.000,0.000,0.000,0.000,0.000,0.000,0.000,0.000,0.000,0.000,0.000,1500,1500
9.232,0.264,-0.064,0.000,10.022,0.000,0.000,0.000,0.000,0.000,0.000,0.000,0.000,0.000,0.000,0.000,0.000,1500,1500
9.242,0.264,-0.064,0.000,10.022,0.000,0.000,0.000,0.000,0.000,0.000,0.000,0.000,0.000,0.000,0.000,0.000,1500,1500
9.252,0.261,-0.061,0.000,10.022,0.000,0.000,0.000,0.000,0.000,0.000,0.000,0.000,0.000,0.000,0.000,0.000,1500,1500
9.262,0.261,-0.061,0.000,10.022,0.000,0.000,0.000,0.000,0.000,0.000,0.000,0.000,0.000,0.000,0.000,0.000,1500,1500
9.272,0.261,-0.061,0.000,10.022,0.000,0.000,0.000,0.000,0.000,0.000,0.000,0.000,0.000,0.000,0.000,0.000,1500,1500
9.282,0.261,-0.061,0.000,10.022,0.000,0.000,0.000,0.000,0.000,0.000,0.000,0.000,0.000,0.000,0.000,0.000,1500,1500
9.292,0.261,-0.061,0.000,10.022,0.000,0.000,0.000,0.000,0.000,0.000,0.000,0.000,0.000,0.000,0.000,0.000,1500,1500
9.302,0.261,-0.061,0.000,10.022,0.000,0.000,0.000,0.000,0.000,0.000,0.000,0.000,0.000,0.000,0.000,0.000,1500,1500
9.312,0.261,-0.061,0.000,10.022,0.000,0.000,0.000,0.000,0.000,0.000,0.000,0.000,0.000,0.000,0.000,0.000,1500,1500
9.322,0.261,-0.061,0.000,10.022,0.000,0.000,0.000,0.000,0.000,0.000,0.000,0.000,0.000,0.000,0.000,0.000,1500,1500
9.332,0.261,-0.061,0.000,10.022,0.000,0.000,0.000,0.000,0.000,0.000,0.000,0.000,0.000,0.000,0.000,0.000,1500,1500
9.342,0.261,-0.061,0.000,10.022,0.000,0.000,0.000,0.000,0.000,0.000,0.000,0.000,0.000,0.000,0.000,0.000,1500,1500
9.352,0.261,-0.061,0.000,10.022,0.000,0.000,0.000,0.000,0.000,0.000,0.000,0.000,0.000,0.000,0.000,0.000,1500,1500
9.362,0.261,-0.061,0.000,10.022,0.000,0.000,0.000,0.000,0.000,0.000,0.000,0.000,0.000,0.000,0.000,0.000,1500,1500
9.372,0.261,-0.061,0.000,10.022,0.000,0.000,0.000,0.000,0.000,0.000,0.000,0.000,0.000,0.000,0.000,0.000,1500,1500
9.382,0.261,-0.061,0.000,10.022,0.000,0.000,0.000,0.000,0.000,0.000,0.000,0.000,0.000,0.000,0.000,0.000,1500,1500
9.392,0.261,-0.061,0.000,10.022,0.000,0.000,0.000,0.000,0.000,0.000,0.000,0.000,0.000,0.000,0.000,0.000,1500,1500
9.402,0.261,-0.061,0.000,10.022,0.000,0.000,0.000,0.000,0.000,0.000,0.000,0.000,0.000,0.000,0.000,0.000,1500,1500
9.412,0.261,-0.061,0.000,10.022,0.000,0.000,0.000,0.000,0.000,0.000,0.000,0.000,0.000,0.000,0.000,0.000,1500,1500
9.422,0.261,-0.061,0.000,10.022,0.000,0.000,0.000,0.000,0.000,0.000,0.000,0.000,0.000,0.000,0.000,0.000,1500,1500
9.432,0.261,-0.061,0.000,10.022,0.000,0.000,0.000,0.000,0.000,0.000,0.000,0.000,0.000,0.000,0.000,0.000,1500,1500
9.442,0.261,-0.061,0.000,10.022,0.000,0.000,0.000,0.000,0.000,0.000,0.000,0.000,0.000,0.000,0.000,0.000,1500,1500
9.452,0.261,-0.061,0.000,10.022,0.000,0.000,0.000,0.000,0.000,0.000,0.000,0.000,0.000,0.000,0.000,0.000,1500,1500
9.462,0.261,-0.061,0.000,10.022,0.000,0.000,0.000,0.000,0.000,0.000,0.000,0.000,0.000,0.000,0.000,0.000,1500,1500
9.472,0.261,-0.061,0.000,10.022,0.000,0.000,0.000,0.000,0.000,0.000,0.000,0.000,0.000,0.000,0.000,0.000,1500,1500
9.482,0.261,-0.061,0.000,10.022,0.000,0.000,0.000,0.000,0.000,0.000,0.000,0.000,0.000,0.000,0.000,0.000,1500,1500
9.492,0.261,-0.061,0.000,10.022,0.000,0.000,0.000,0.000,0.000,0.000,0.000,0.000,0.000,0.000,0.000,0.000,1500,1500
9.502,0.261,-0.061,0.000,10.026,0.000,0.000,0.000,0.000,0.000,0.000,0.000,0.000,0.000,0.000,0.000,0.000,1500,1500
9.512,0.261,-0.061,0.000,10.029,0.000,0.000,0.000,0.000,0.000,0.000,0.000,0.000,0.000,0.000,0.000,0.000,1500,1500
9.522,0.261,-0.061,0.000,10.032,0.000,0.000,0.000,0.000,0.000,0.000,0.000,0.000,0.000,0.000,0.000,0.000,1500,1500
9.532,0.261,-0.061,0.000,10.034,0.000,0.000,0.000,0.000,0.000,0.000,0.000,0.000,0.000,0.000,0.000,0.000,1500,1500
9.542,0.261,-0.061,0.000,10.036,0.000,0.000,0.000,0.000,0.000,0.000,0.000,0.000,0.000,0.000,0.000,0.000,1500,1500
9.552,0.261,-0.061,0.000,10.037,0.000,0.000,0.000,0.000,0.000,0.000,0.000,0.000,0.000,0.000,0.000,0.000,1500,1500
9.562,0.261,-0.061,0.000,10.038,0.000,0.000,0.000,0.000,0.000,0.000,0.000,0.000,0.000,0.000,0.000,0.000,1500,1500
9.572,0.261,-0.061,0.000,10.039,0.000,0.000,0.000,0.000,0.000,0.000,0.000,0.000,0.000,0.000,0.000,0.000,1500,1500
9.582,0.261,-0.061,0.000,10.039,0.000,0.000,0.000,0.000,0.000,0.000,0.000,0.000,0.000,0.000,0.000,0.000,1500,1500
9.592,0.261,-0.061,0.000,10.040,0.000,0.000,0.000,0.000,0.000,0.000,0.000,0.000,0.000,0.000,0.000,0.000,1500,1500
9.602,0.261,-0.061,0.000,10.040,0.000,0.000,0.000,0.000,0.000,0.000,0.000,0.000,0.000,0.000,0.000,0.000,1500,1500
9.612,0.261,-0.061,0.000,10.041,0.000,0.000,0.000,0.000,0.000,0.000,0.000,0.000,0.000,0.000,0.000,0.000,1500,1500
9.622,0.261,-0.061,0.000,10.041,0.000,0.000,0.000,0.000,0.000,0.000,0.000,0.000,0.000,0.000,0.000,0.000,1500,1500
9.632,0.261,-0.061,0.000,10.041,0.000,0.000,0.000,0.000,0.000,0.000,0.000,0.000,0.000,0.000,0.000,0.000,1500,1500
9.642,0.261,-0.061,0.000,10.041,0.000,0.000,0.000,0.000,0.000,0.000,0.000,0.000,0.000,0.000,0.000,0.000,1500,1500
9.652,0.261,-0.061,0.000,10.041,0.000,0.000,0.000,0.000,0.000,0.000,0.000,0.000,0.000,0.000,0.000,0.000,1500,1500
9.662,0.261,-0.061,0.000,10.042,0.000,0.000,0.000,0.000,0.000,0.000,0.000,0.000,0.000,0.000,0.000,0.000,1500,1500
9.672,0.261,-0.061,0.000,10.042,0.000,0.000,0.000,0.000,0.000,0.000,0.000,0.000,0.000,0.000,0.000,0.000,1500,1500
